Workspace extension with invalid name (defaultProject) found.
One or more browsers which are configured in the project's Browserslist configuration will be ignored as ES5 output is not supported by the Angular CLI.
Ignored browsers:
kaios 2.5, op_mini all
One or more browsers which are configured in the project's Browserslist configuration fall outside Angular's browser support for this version.
Unsupported browsers:
and_qq 14.9, and_uc 15.5, android 149, ios_saf 26.5, kaios 3.0-3.1, op_mob 80, opera 131, opera 127, samsung 30, samsung 29
- Generating browser application bundles (phase: setup)...
    TypeScript compiler options "target" and "useDefineForClassFields" are set to "ES2022" and "false" respectively by the Angular CLI. To control ECMA version and features use the Browserslist configuration. For more information, see https://angular.dev/tools/cli/build#configuring-browser-compatibility
    NOTE: You can set the "target" to "ES2022" in the project's tsconfig to remove this warning.
✔ Browser application bundle generation complete.
✔ Browser application bundle generation complete.

Warning: /Users/kleidermachado/Documents/MbLatina/tiendaFinal/tienda/node_modules/socket.io-parser/build/esm-debug/index.js depends on 'debug'. CommonJS or AMD dependencies can cause optimization bailouts.
For more info see: https://angular.dev/tools/cli/build#configuring-commonjs-dependencies



./src/app/app.module.ts:7:0-45 - Error: Module not found: Error: Can't resolve 'ng-starrating' in '/Users/kleidermachado/Documents/MbLatina/tiendaFinal/tienda/src/app'

Error: src/app/app-routing.module.ts:8:44 - error TS2353: Object literal may only specify known properties, and 'relativeLinkResolution' does not exist in type 'ExtraOptions'.

8   imports: [RouterModule.forRoot(routes, { relativeLinkResolution: 'legacy' })],
                                             ~~~~~~~~~~~~~~~~~~~~~~


Error: src/app/app.component.html:1:1 - error NG8001: 'router-outlet' is not a known element:
1. If 'router-outlet' is an Angular component, then verify that it is part of this module.
2. If 'router-outlet' is a Web Component then add 'CUSTOM_ELEMENTS_SCHEMA' to the '@NgModule.schemas' of this component to suppress this message.

1 <router-outlet></router-outlet>
  ~~~~~~~~~~~~~~~

  src/app/app.component.ts:6:16
    6   templateUrl: './app.component.html',
                     ~~~~~~~~~~~~~~~~~~~~~~
    Error occurs in the template of component AppComponent.


Error: src/app/app.module.ts:6:30 - error TS2307: Cannot find module 'ng-starrating' or its corresponding type declarations.

6 import { RatingModule } from 'ng-starrating';
                               ~~~~~~~~~~~~~~~


Error: src/app/app.module.ts:49:12 - error NG1010: Value

Error: src/app/app.routing.ts:38:83 - error TS2353: Object literal may only specify known properties, and 'relativeLinkResolution' does not exist in type 'ExtraOptions'.

38 export const routing: ModuleWithProviders<any> = RouterModule.forRoot(appRoute, { relativeLinkResolution: 'legacy' });
                                                                                     ~~~~~~~~~~~~~~~~~~~~~~


Error: src/app/components/carrito/carrito.component.html:1:1 - error NG8001: 'app-nav' is not a known element:
1. If 'app-nav' is an Angular component, then verify that it is part of this module.
2. If 'app-nav' is a Web Component then add 'CUSTOM_ELEMENTS_SCHEMA' to the '@NgModule.schemas' of this component to suppress this message.

1 <app-nav></app-nav>
  ~~~~~~~~~

  src/app/components/carrito/carrito.component.ts:19:16
    19   templateUrl: './carrito.component.html',
                      ~~~~~~~~~~~~~~~~~~~~~~~~~~
    Error occurs in the template of component CarritoComponent.


Error: src/app/components/carrito/carrito.component.html:25:18 - error NG8002: Can't bind to 'routerLink' since it isn't a known property of 'a'.

25               <a [routerLink]="['/productos']" routerLinkActive="router-link-active" ><strong>Regresar a la tienda</strong></a>
                    ~~~~~~~~~~~~~~~~~~~~~~~~~~~~~

  src/app/components/carrito/carrito.component.ts:19:16
    19   templateUrl: './carrito.component.html',
                      ~~~~~~~~~~~~~~~~~~~~~~~~~~
    Error occurs in the template of component CarritoComponent.


Error: src/app/components/carrito/carrito.component.html:58:23 - error NG8002: Can't bind to 'routerLink' since it isn't a known property of 'a'.

58                   <a  [routerLink]="['/productos/',item.producto.slug]" style="min-width: 80px;">
                         ~~~~~~~~~~~~~~~~~~~~~~~~~~~~~~~~~~~~~~~~~~~~~~~~~

  src/app/components/carrito/carrito.component.ts:19:16
    19   templateUrl: './carrito.component.html',
                      ~~~~~~~~~~~~~~~~~~~~~~~~~~
    Error occurs in the template of component CarritoComponent.


Error: src/app/components/carrito/carrito.component.html:65:30 - error NG8002: Can't bind to 'routerLink' since it isn't a known property of 'a'.

65                           <a [routerLink]="['/productos/',item.producto.slug]" class="nav-link font-weight-bold">{{item.producto.titulo}}</a>
                                ~~~~~~~~~~~~~~~~~~~~~~~~~~~~~~~~~~~~~~~~~~~~~~~~~

  src/app/components/carrito/carrito.component.ts:19:16
    19   templateUrl: './carrito.component.html',
                      ~~~~~~~~~~~~~~~~~~~~~~~~~~
    Error occurs in the template of component CarritoComponent.


Error: src/app/components/carrito/carrito.component.html:74:84 - error NG8004: No pipe found with name 'descuento'.

74                           <strong class="text-danger mr-1">${{item.producto.precio|descuento:descuento_activo.descuento}}</strong>
                                                                                      ~~~~~~~~~

  src/app/components/carrito/carrito.component.ts:19:16
    19   templateUrl: './carrito.component.html',
                      ~~~~~~~~~~~~~~~~~~~~~~~~~~
    Error occurs in the template of component CarritoComponent.


Error: src/app/components/carrito/carrito.component.html:155:151 - error NG8002: Can't bind to 'ngModel' since it isn't a known property of 'input'.

155               <input (change)="cacular_total(item.titulo)" type="radio" class="custom-control-input" id="courier" name="shipping" name="precio_envio" [(ngModel)]="precio_envio" value="{{item.precio}}">
                                                                                                                                                          ~~~~~~~~~~~~~~~~~~~~~~~~~~

  src/app/components/carrito/carrito.component.ts:19:16
    19   templateUrl: './carrito.component.html',
                      ~~~~~~~~~~~~~~~~~~~~~~~~~~
    Error occurs in the template of component CarritoComponent.


Error: src/app/components/carrito/carrito.component.html:189:47 - error NG8002: Can't bind to 'ngModel' since it isn't a known property of 'input'.

189                           <input name="ncard" [(ngModel)]="card_data.ncard" type="text" id="cc-number" class="form-control form-control-lg" data-format="card" placeholder="0000 0000 0000 0000">
                                                  ~~~~~~~~~~~~~~~~~~~~~~~~~~~~~

  src/app/components/carrito/carrito.component.ts:19:16
    19   templateUrl: './carrito.component.html',
                      ~~~~~~~~~~~~~~~~~~~~~~~~~~
    Error occurs in the template of component CarritoComponent.


Error: src/app/components/carrito/carrito.component.html:194:47 - error NG8002: Can't bind to 'ngModel' since it isn't a known property of 'input'.

194                             <input name="exp" [(ngModel)]="card_data.exp" type="text" id="cc-exp-date" class="form-control form-control-lg" data-format="date" placeholder="mm/yyyy">
                                                  ~~~~~~~~~~~~~~~~~~~~~~~~~~~

  src/app/components/carrito/carrito.component.ts:19:16
    19   templateUrl: './carrito.component.html',
                      ~~~~~~~~~~~~~~~~~~~~~~~~~~
    Error occurs in the template of component CarritoComponent.


Error: src/app/components/carrito/carrito.component.html:198:47 - error NG8002: Can't bind to 'ngModel' since it isn't a known property of 'input'.

198                             <input name="cvc" [(ngModel)]="card_data.cvc" type="text" id="cc-cvc" class="form-control form-control-lg" data-format="cvc" placeholder="000">
                                                  ~~~~~~~~~~~~~~~~~~~~~~~~~~~

  src/app/components/carrito/carrito.component.ts:19:16
    19   templateUrl: './carrito.component.html',
                      ~~~~~~~~~~~~~~~~~~~~~~~~~~
    Error occurs in the template of component CarritoComponent.


Error: src/app/components/carrito/carrito.component.html:249:119 - error NG8002: Can't bind to 'ngModel' since it isn't a known property of 'textarea'.

249               <textarea id="ch-notes" class="form-control form-control-lg" rows="5" placeholder="Mensaje" name="nota" [(ngModel)]="venta.nota"></textarea>
                                                                                                                          ~~~~~~~~~~~~~~~~~~~~~~~~

  src/app/components/carrito/carrito.component.ts:19:16
    19   templateUrl: './carrito.component.html',
                      ~~~~~~~~~~~~~~~~~~~~~~~~~~
    Error occurs in the template of component CarritoComponent.


Error: src/app/components/carrito/carrito.component.html:262:118 - error NG8002: Can't bind to 'ngModel' since it isn't a known property of 'input'.

262                     <input type="text" id="promo-code" class="form-control" placeholder="Aplicar cupón" name="cupon" [(ngModel)]="venta.cupon">
                                                                                                                         ~~~~~~~~~~~~~~~~~~~~~~~~~

  src/app/components/carrito/carrito.component.ts:19:16
    19   templateUrl: './carrito.component.html',
                      ~~~~~~~~~~~~~~~~~~~~~~~~~~
    Error occurs in the template of component CarritoComponent.


Error: src/app/components/carrito/carrito.component.html:312:1 - error NG8001: 'app-footer' is not a known element:
1. If 'app-footer' is an Angular component, then verify that it is part of this module.
2. If 'app-footer' is a Web Component then add 'CUSTOM_ELEMENTS_SCHEMA' to the '@NgModule.schemas' of this component to suppress this message.

312 <app-footer></app-footer>
    ~~~~~~~~~~~~

  src/app/components/carrito/carrito.component.ts:19:16
    19   templateUrl: './carrito.component.html',
                      ~~~~~~~~~~~~~~~~~~~~~~~~~~
    Error occurs in the template of component CarritoComponent.


Error: src/app/components/contacto/contacto.component.html:1:1 - error NG8001: 'app-nav' is not a known element:
1. If 'app-nav' is an Angular component, then verify that it is part of this module.
2. If 'app-nav' is a Web Component then add 'CUSTOM_ELEMENTS_SCHEMA' to the '@NgModule.schemas' of this component to suppress this message.

1 <app-nav></app-nav>
  ~~~~~~~~~

  src/app/components/contacto/contacto.component.ts:8:16
    8   templateUrl: './contacto.component.html',
                     ~~~~~~~~~~~~~~~~~~~~~~~~~~~
    Error occurs in the template of component ContactoComponent.


Error: src/app/components/contacto/contacto.component.html:8:18 - error NG8002: Can't bind to 'routerLink' since it isn't a known property of 'a'.

8               <a [routerLink]="['/']"><i class="cxi-home"></i></a>
                   ~~~~~~~~~~~~~~~~~~~~

  src/app/components/contacto/contacto.component.ts:8:16
    8   templateUrl: './contacto.component.html',
                     ~~~~~~~~~~~~~~~~~~~~~~~~~~~
    Error occurs in the template of component ContactoComponent.


Error: src/app/components/contacto/contacto.component.html:68:42 - error NG8003: No directive found with exportAs 'ngForm'.

68                     <form #registroForm="ngForm" (ngSubmit)="registro(registroForm)">
                                            ~~~~~~

  src/app/components/contacto/contacto.component.ts:8:16
    8   templateUrl: './contacto.component.html',
                     ~~~~~~~~~~~~~~~~~~~~~~~~~~~
    Error occurs in the template of component ContactoComponent.


Error: src/app/components/contacto/contacto.component.html:72:150 - error NG8002: Can't bind to 'ngModel' since it isn't a known property of 'input'.

72                             <input type="text" id="cont-name" class="form-control form-control-lg" placeholder="John Doe" required="" name="cliente" [(ngModel)]="contacto.cliente">
                                                                                                                                                        ~~~~~~~~~~~~~~~~~~~~~~~~~~~~~~

  src/app/components/contacto/contacto.component.ts:8:16
    8   templateUrl: './contacto.component.html',
                     ~~~~~~~~~~~~~~~~~~~~~~~~~~~
    Error occurs in the template of component ContactoComponent.


Error: src/app/components/contacto/contacto.component.html:77:162 - error NG8002: Can't bind to 'ngModel' since it isn't a known property of 'input'.

77                             <input type="email" id="cont-email" class="form-control form-control-lg" placeholder="johndoe@example.com" required="" name="correo" [(ngModel)]="contacto.correo">
                                                                                                                                                                    ~~~~~~~~~~~~~~~~~~~~~~~~~~~~~

  src/app/components/contacto/contacto.component.ts:8:16
    8   templateUrl: './contacto.component.html',
                     ~~~~~~~~~~~~~~~~~~~~~~~~~~~
    Error occurs in the template of component ContactoComponent.


Error: src/app/components/contacto/contacto.component.html:82:157 - error NG8002: Can't bind to 'ngModel' since it isn't a known property of 'input'.

82                             <input type="text" id="cont-phone" class="form-control form-control-lg bg-0" required placeholder="00-000-0000" name="telefono" [(ngModel)]="contacto.telefono">
                                                                                                                                                               ~~~~~~~~~~~~~~~~~~~~~~~~~~~~~~~

  src/app/components/contacto/contacto.component.ts:8:16
    8   templateUrl: './contacto.component.html',
                     ~~~~~~~~~~~~~~~~~~~~~~~~~~~
    Error occurs in the template of component ContactoComponent.


Error: src/app/components/contacto/contacto.component.html:86:164 - error NG8002: Can't bind to 'ngModel' since it isn't a known property of 'input'.

86                             <input type="text" id="cont-subject" class="form-control form-control-lg bg-0" required placeholder="Asunto del mensaje" name="asunto" [(ngModel)]="contacto.asunto">
                                                                                                                                                                      ~~~~~~~~~~~~~~~~~~~~~~~~~~~~~

  src/app/components/contacto/contacto.component.ts:8:16
    8   templateUrl: './contacto.component.html',
                     ~~~~~~~~~~~~~~~~~~~~~~~~~~~
    Error occurs in the template of component ContactoComponent.


Error: src/app/components/contacto/contacto.component.html:90:164 - error NG8002: Can't bind to 'ngModel' since it isn't a known property of 'textarea'.

90                             <textarea id="cont-message" class="form-control form-control-lg" rows="5" placeholder="Escribe tu consulta" required="" name="mensaje" [(ngModel)]="contacto.mensaje"></textarea>
                                                                                                                                                                      ~~~~~~~~~~~~~~~~~~~~~~~~~~~~~~

  src/app/components/contacto/contacto.component.ts:8:16
    8   templateUrl: './contacto.component.html',
                     ~~~~~~~~~~~~~~~~~~~~~~~~~~~
    Error occurs in the template of component ContactoComponent.


Error: src/app/components/contacto/contacto.component.html:377:1 - error NG8001: 'app-footer' is not a known element:
1. If 'app-footer' is an Angular component, then verify that it is part of this module.
2. If 'app-footer' is a Web Component then add 'CUSTOM_ELEMENTS_SCHEMA' to the '@NgModule.schemas' of this component to suppress this message.

377 <app-footer></app-footer>
    ~~~~~~~~~~~~

  src/app/components/contacto/contacto.component.ts:8:16
    8   templateUrl: './contacto.component.html',
                     ~~~~~~~~~~~~~~~~~~~~~~~~~~~
    Error occurs in the template of component ContactoComponent.


Error: src/app/components/inicio/inicio.component.html:1:1 - error NG8001: 'app-nav' is not a known element:
1. If 'app-nav' is an Angular component, then verify that it is part of this module.
2. If 'app-nav' is a Web Component then add 'CUSTOM_ELEMENTS_SCHEMA' to the '@NgModule.schemas' of this component to suppress this message.

1 <app-nav></app-nav>
  ~~~~~~~~~

  src/app/components/inicio/inicio.component.ts:10:16
    10   templateUrl: './inicio.component.html',
                      ~~~~~~~~~~~~~~~~~~~~~~~~~
    Error occurs in the template of component InicioComponent.


Error: src/app/components/inicio/inicio.component.html:17:20 - error NG8002: Can't bind to 'routerLink' since it isn't a known property of 'a'.

17                 <a [routerLink]="['/productos']" class="btn btn-outline-primary btn-lg">Ver productos</a>
                      ~~~~~~~~~~~~~~~~~~~~~~~~~~~~~

  src/app/components/inicio/inicio.component.ts:10:16
    10   templateUrl: './inicio.component.html',
                      ~~~~~~~~~~~~~~~~~~~~~~~~~
    Error occurs in the template of component InicioComponent.


Error: src/app/components/inicio/inicio.component.html:124:10 - error NG8002: Can't bind to 'routerLink' since it isn't a known property of 'a'.

124       <a [routerLink]="['/productos']" class="font-size-lg">Ver la colección aquí</a>
             ~~~~~~~~~~~~~~~~~~~~~~~~~~~~~

  src/app/components/inicio/inicio.component.ts:10:16
    10   templateUrl: './inicio.component.html',
                      ~~~~~~~~~~~~~~~~~~~~~~~~~
    Error occurs in the template of component InicioComponent.


Error: src/app/components/inicio/inicio.component.html:137:18 - error NG8002: Can't bind to 'routerLink' since it isn't a known property of 'a'.

137               <a [routerLink]="['/productos/',item.slug]" class="card-img-top">
                     ~~~~~~~~~~~~~~~~~~~~~~~~~~~~~~~~~~~~~~~~

  src/app/components/inicio/inicio.component.ts:10:16
    10   templateUrl: './inicio.component.html',
                      ~~~~~~~~~~~~~~~~~~~~~~~~~
    Error occurs in the template of component InicioComponent.


Error: src/app/components/inicio/inicio.component.html:156:20 - error NG8002: Can't bind to 'routerLink' since it isn't a known property of 'a'.

156                 <a [routerLink]="['/productos/',item.slug]" class="nav-link">{{item.titulo}}</a>
                       ~~~~~~~~~~~~~~~~~~~~~~~~~~~~~~~~~~~~~~~~

  src/app/components/inicio/inicio.component.ts:10:16
    10   templateUrl: './inicio.component.html',
                      ~~~~~~~~~~~~~~~~~~~~~~~~~
    Error occurs in the template of component InicioComponent.


Error: src/app/components/inicio/inicio.component.html:162:83 - error NG8004: No pipe found with name 'descuento'.

162                 <span class="h5 d-inline-block text-danger mb-0">${{item.precio | descuento:
                                                                                      ~~~~~~~~~

  src/app/components/inicio/inicio.component.ts:10:16
    10   templateUrl: './inicio.component.html',
                      ~~~~~~~~~~~~~~~~~~~~~~~~~
    Error occurs in the template of component InicioComponent.


Error: src/app/components/inicio/inicio.component.html:223:85 - error NG8004: No pipe found with name 'descuento'.

223                   <span class="h5 d-inline-block text-danger mb-0">${{item.precio | descuento:
                                                                                        ~~~~~~~~~

  src/app/components/inicio/inicio.component.ts:10:16
    10   templateUrl: './inicio.component.html',
                      ~~~~~~~~~~~~~~~~~~~~~~~~~
    Error occurs in the template of component InicioComponent.


Error: src/app/components/inicio/inicio.component.html:234:12 - error NG8002: Can't bind to 'routerLink' since it isn't a known property of 'a'.

234         <a [routerLink]="['/productos']" routerLinkActive="router-link-active" class="btn btn-primary btn-lg">Ver
               ~~~~~~~~~~~~~~~~~~~~~~~~~~~~~

  src/app/components/inicio/inicio.component.ts:10:16
    10   templateUrl: './inicio.component.html',
                      ~~~~~~~~~~~~~~~~~~~~~~~~~
    Error occurs in the template of component InicioComponent.


Error: src/app/components/inicio/inicio.component.html:250:14 - error NG8002: Can't bind to 'routerLink' since it isn't a known property of 'a'.

250           <a [routerLink]="['/productos/categoria/',item.titulo.toLowerCase()]"
                 ~~~~~~~~~~~~~~~~~~~~~~~~~~~~~~~~~~~~~~~~~~~~~~~~~~~~~~~~~~~~~~~~~~

  src/app/components/inicio/inicio.component.ts:10:16
    10   templateUrl: './inicio.component.html',
                      ~~~~~~~~~~~~~~~~~~~~~~~~~
    Error occurs in the template of component InicioComponent.


Error: src/app/components/inicio/inicio.component.html:360:1 - error NG8001: 'app-footer' is not a known element:
1. If 'app-footer' is an Angular component, then verify that it is part of this module.
2. If 'app-footer' is a Web Component then add 'CUSTOM_ELEMENTS_SCHEMA' to the '@NgModule.schemas' of this component to suppress this message.

360 <app-footer></app-footer>
    ~~~~~~~~~~~~

  src/app/components/inicio/inicio.component.ts:10:16
    10   templateUrl: './inicio.component.html',
                      ~~~~~~~~~~~~~~~~~~~~~~~~~
    Error occurs in the template of component InicioComponent.


Error: src/app/components/login/login.component.html:1:1 - error NG8001: 'app-nav' is not a known element:
1. If 'app-nav' is an Angular component, then verify that it is part of this module.
2. If 'app-nav' is a Web Component then add 'CUSTOM_ELEMENTS_SCHEMA' to the '@NgModule.schemas' of this component to suppress this message.

1 <app-nav></app-nav>
  ~~~~~~~~~

  src/app/components/login/login.component.ts:9:16
    9   templateUrl: './login.component.html',
                     ~~~~~~~~~~~~~~~~~~~~~~~~
    Error occurs in the template of component LoginComponent.


Error: src/app/components/login/login.component.html:22:39 - error NG8003: No directive found with exportAs 'ngForm'.

22                     <form #loginForm="ngForm" (ngSubmit)="login(loginForm)">
                                         ~~~~~~

  src/app/components/login/login.component.ts:9:16
    9   templateUrl: './login.component.html',
                     ~~~~~~~~~~~~~~~~~~~~~~~~
    Error occurs in the template of component LoginComponent.


Error: src/app/components/login/login.component.html:25:124 - error NG8002: Can't bind to 'ngModel' since it isn't a known property of 'input'.

25                         <input type="email" class="form-control" placeholder="Correo electrónico" required="" name="email" [(ngModel)]="user.email">
                                                                                                                              ~~~~~~~~~~~~~~~~~~~~~~~~

  src/app/components/login/login.component.ts:9:16
    9   templateUrl: './login.component.html',
                     ~~~~~~~~~~~~~~~~~~~~~~~~
    Error occurs in the template of component LoginComponent.


Error: src/app/components/login/login.component.html:30:170 - error NG8002: Can't bind to 'ngModel' since it isn't a known property of 'input'.

30                           <input type="password" class="form-control appended-form-control" id="signin-password" placeholder="Tu contraseña" required="" name="password" [(ngModel)]="user.password">
                                                                                                                                                                            ~~~~~~~~~~~~~~~~~~~~~~~~~~~

  src/app/components/login/login.component.ts:9:16
    9   templateUrl: './login.component.html',
                     ~~~~~~~~~~~~~~~~~~~~~~~~
    Error occurs in the template of component LoginComponent.


Error: src/app/components/login/login.component.html:106:1 - error NG8001: 'app-footer' is not a known element:
1. If 'app-footer' is an Angular component, then verify that it is part of this module.
2. If 'app-footer' is a Web Component then add 'CUSTOM_ELEMENTS_SCHEMA' to the '@NgModule.schemas' of this component to suppress this message.

106 <app-footer></app-footer>
    ~~~~~~~~~~~~

  src/app/components/login/login.component.ts:9:16
    9   templateUrl: './login.component.html',
                     ~~~~~~~~~~~~~~~~~~~~~~~~
    Error occurs in the template of component LoginComponent.


Error: src/app/components/nav/nav.component.html:23:22 - error NG8002: Can't bind to 'routerLink' since it isn't a known property of 'a'.

23                   <a [routerLink]="['/login']" class="nav-tool">
                        ~~~~~~~~~~~~~~~~~~~~~~~~~

  src/app/components/nav/nav.component.ts:13:16
    13   templateUrl: './nav.component.html',
                      ~~~~~~~~~~~~~~~~~~~~~~
    Error occurs in the template of component NavComponent.


Error: src/app/components/nav/nav.component.html:38:24 - error NG8002: Can't bind to 'routerLink' since it isn't a known property of 'a'.

38                     <a [routerLink]="['/cuenta/perfil']" routerLinkActive="active"  class="dropdown-item">
                          ~~~~~~~~~~~~~~~~~~~~~~~~~~~~~~~~~

  src/app/components/nav/nav.component.ts:13:16
    13   templateUrl: './nav.component.html',
                      ~~~~~~~~~~~~~~~~~~~~~~
    Error occurs in the template of component NavComponent.


Error: src/app/components/nav/nav.component.html:66:68 - error NG8002: Can't bind to 'routerLink' since it isn't a known property of 'a'.

66               <a style="cursor: pointer;" class="nav-tool pr-lg-0" [routerLink]="['/login']" >
                                                                      ~~~~~~~~~~~~~~~~~~~~~~~~~

  src/app/components/nav/nav.component.ts:13:16
    13   templateUrl: './nav.component.html',
                      ~~~~~~~~~~~~~~~~~~~~~~
    Error occurs in the template of component NavComponent.


Error: src/app/components/nav/nav.component.html:93:18 - error NG8002: Can't bind to 'routerLink' since it isn't a known property of 'a'.

93               <a [routerLink]="['/']" routerLinkActive="active" [routerLinkActiveOptions]="{exact: true}" class="nav-link">Inicio</a>
                    ~~~~~~~~~~~~~~~~~~~~

  src/app/components/nav/nav.component.ts:13:16
    13   templateUrl: './nav.component.html',
                      ~~~~~~~~~~~~~~~~~~~~~~
    Error occurs in the template of component NavComponent.


Error: src/app/components/nav/nav.component.html:93:65 - error NG8002: Can't bind to 'routerLinkActiveOptions' since it isn't a known property of 'a'.

93               <a [routerLink]="['/']" routerLinkActive="active" [routerLinkActiveOptions]="{exact: true}" class="nav-link">Inicio</a>
                                                                   ~~~~~~~~~~~~~~~~~~~~~~~~~~~~~~~~~~~~~~~~~

  src/app/components/nav/nav.component.ts:13:16
    13   templateUrl: './nav.component.html',
                      ~~~~~~~~~~~~~~~~~~~~~~
    Error occurs in the template of component NavComponent.


Error: src/app/components/nav/nav.component.html:96:18 - error NG8002: Can't bind to 'routerLink' since it isn't a known property of 'a'.

96               <a [routerLink]="['/productos']" routerLinkActive="active"  class="nav-link dropdown-toggle" data-toggle="dropdown">Tienda</a>
                    ~~~~~~~~~~~~~~~~~~~~~~~~~~~~~

  src/app/components/nav/nav.component.ts:13:16
    13   templateUrl: './nav.component.html',
                      ~~~~~~~~~~~~~~~~~~~~~~
    Error occurs in the template of component NavComponent.


Error: src/app/components/nav/nav.component.html:100:22 - error NG8002: Can't bind to 'routerLink' since it isn't a known property of 'a'.

100                   <a [routerLink]="['/productos/categoria/',item.titulo.toLowerCase()]" routerLinkActive="router-link-active"  class="dropdown-item"><i class="{{item.icono}}"></i> &nbsp; {{item.titulo}}</a>
                         ~~~~~~~~~~~~~~~~~~~~~~~~~~~~~~~~~~~~~~~~~~~~~~~~~~~~~~~~~~~~~~~~~~

  src/app/components/nav/nav.component.ts:13:16
    13   templateUrl: './nav.component.html',
                      ~~~~~~~~~~~~~~~~~~~~~~
    Error occurs in the template of component NavComponent.


Error: src/app/components/nav/nav.component.html:105:18 - error NG8002: Can't bind to 'routerLink' since it isn't a known property of 'a'.

105               <a [routerLink]="['/contacto']" routerLinkActive="active" [routerLinkActiveOptions]="{exact: true}" class="nav-link">Contacto</a>
                     ~~~~~~~~~~~~~~~~~~~~~~~~~~~~

  src/app/components/nav/nav.component.ts:13:16
    13   templateUrl: './nav.component.html',
                      ~~~~~~~~~~~~~~~~~~~~~~
    Error occurs in the template of component NavComponent.


Error: src/app/components/nav/nav.component.html:105:73 - error NG8002: Can't bind to 'routerLinkActiveOptions' since it isn't a known property of 'a'.

105               <a [routerLink]="['/contacto']" routerLinkActive="active" [routerLinkActiveOptions]="{exact: true}" class="nav-link">Contacto</a>
                                                                            ~~~~~~~~~~~~~~~~~~~~~~~~~~~~~~~~~~~~~~~~~

  src/app/components/nav/nav.component.ts:13:16
    13   templateUrl: './nav.component.html',
                      ~~~~~~~~~~~~~~~~~~~~~~
    Error occurs in the template of component NavComponent.


Error: src/app/components/nav/nav.component.html:128:13 - error NG8002: Can't bind to 'routerLink' since it isn't a known property of 'a'.

128         <a  [routerLink]="['/productos/',item.producto.slug]" target="_blank" style="min-width: 80px;">
                ~~~~~~~~~~~~~~~~~~~~~~~~~~~~~~~~~~~~~~~~~~~~~~~~~

  src/app/components/nav/nav.component.ts:13:16
    13   templateUrl: './nav.component.html',
                      ~~~~~~~~~~~~~~~~~~~~~~
    Error occurs in the template of component NavComponent.


Error: src/app/components/nav/nav.component.html:135:21 - error NG8002: Can't bind to 'routerLink' since it isn't a known property of 'a'.

135                 <a  [routerLink]="['/productos/',item.producto.slug]" target="_blank" class="nav-link font-weight-bold">{{item.producto.titulo}}</a>
                        ~~~~~~~~~~~~~~~~~~~~~~~~~~~~~~~~~~~~~~~~~~~~~~~~~

  src/app/components/nav/nav.component.ts:13:16
    13   templateUrl: './nav.component.html',
                      ~~~~~~~~~~~~~~~~~~~~~~
    Error occurs in the template of component NavComponent.


Error: src/app/components/nav/nav.component.html:145:159 - error NG8004: No pipe found with name 'descuento'.

145                   <span style="font-size: 1.2rem !important;" class="font-size-xs text-muted" *ngIf="descuento_activo != undefined">${{item.producto.precio | descuento:descuento_activo.descuento}}</span>
                                                                                                                                                                  ~~~~~~~~~

  src/app/components/nav/nav.component.ts:13:16
    13   templateUrl: './nav.component.html',
                      ~~~~~~~~~~~~~~~~~~~~~~
    Error occurs in the template of component NavComponent.


Error: src/app/components/nav/nav.component.html:170:10 - error NG8002: Can't bind to 'routerLink' since it isn't a known property of 'a'.

170       <a [routerLink]="['/carrito']" class="btn btn-primary btn-lg btn-block">
             ~~~~~~~~~~~~~~~~~~~~~~~~~~~

  src/app/components/nav/nav.component.ts:13:16
    13   templateUrl: './nav.component.html',
                      ~~~~~~~~~~~~~~~~~~~~~~
    Error occurs in the template of component NavComponent.


Error: src/app/components/productos/index-producto/index-producto.component.html:1:1 - error NG8001: 'app-nav' is not a known element:
1. If 'app-nav' is an Angular component, then verify that it is part of this module.
2. If 'app-nav' is a Web Component then add 'CUSTOM_ELEMENTS_SCHEMA' to the '@NgModule.schemas' of this component to suppress this message.

1 <app-nav></app-nav>
  ~~~~~~~~~

  src/app/components/productos/index-producto/index-producto.component.ts:14:16
    14   templateUrl: './index-producto.component.html',
                      ~~~~~~~~~~~~~~~~~~~~~~~~~~~~~~~~~
    Error occurs in the template of component IndexProductoComponent.


Error: src/app/components/productos/index-producto/index-producto.component.html:8:18 - error NG8002: Can't bind to 'routerLink' since it isn't a known property of 'a'.

8               <a [routerLink]="['/']" ><i class="cxi-home"></i></a>
                   ~~~~~~~~~~~~~~~~~~~~

  src/app/components/productos/index-producto/index-producto.component.ts:14:16
    14   templateUrl: './index-producto.component.html',
                      ~~~~~~~~~~~~~~~~~~~~~~~~~~~~~~~~~
    Error occurs in the template of component IndexProductoComponent.


Error: src/app/components/productos/index-producto/index-producto.component.html:55:79 - error NG8002: Can't bind to 'ngModel' since it isn't a known property of 'select'.

55                 <select id="sorting-top" class="custom-select" name="sort_by" [(ngModel)]="sort_by" (change)="orden_por()">
                                                                                 ~~~~~~~~~~~~~~~~~~~~~

  src/app/components/productos/index-producto/index-producto.component.ts:14:16
    14   templateUrl: './index-producto.component.html',
                      ~~~~~~~~~~~~~~~~~~~~~~~~~~~~~~~~~
    Error occurs in the template of component IndexProductoComponent.


Error: src/app/components/productos/index-producto/index-producto.component.html:66:78 - error NG8002: Can't bind to 'ngModel' since it isn't a known property of 'select'.

66                 <select id="pager-top" class="custom-select" name="pageSize" [(ngModel)]="pageSize" >
                                                                                ~~~~~~~~~~~~~~~~~~~~~~

  src/app/components/productos/index-producto/index-producto.component.ts:14:16
    14   templateUrl: './index-producto.component.html',
                      ~~~~~~~~~~~~~~~~~~~~~~~~~~~~~~~~~
    Error occurs in the template of component IndexProductoComponent.


Error: src/app/components/productos/index-producto/index-producto.component.html:73:15 - error NG8001: 'ngb-pagination' is not a known element:
1. If 'ngb-pagination' is an Angular component, then verify that it is part of this module.
2. If 'ngb-pagination' is a Web Component then add 'CUSTOM_ELEMENTS_SCHEMA' to the '@NgModule.schemas' of this component to suppress this message.

 73               <ngb-pagination
                  ~~~~~~~~~~~~~~~
 74                 [(page)]="page"
    ~~~~~~~~~~~~~~~~~~~~~~~~~~~~~~~
... 
 76                 [collectionSize]="productos.length"
    ~~~~~~~~~~~~~~~~~~~~~~~~~~~~~~~~~~~~~~~~~~~~~~~~~~~
 77               ></ngb-pagination>
    ~~~~~~~~~~~~~~~

  src/app/components/productos/index-producto/index-producto.component.ts:14:16
    14   templateUrl: './index-producto.component.html',
                      ~~~~~~~~~~~~~~~~~~~~~~~~~~~~~~~~~
    Error occurs in the template of component IndexProductoComponent.


Error: src/app/components/productos/index-producto/index-producto.component.html:74:17 - error NG8002: Can't bind to 'page' since it isn't a known property of 'ngb-pagination'.
1. If 'ngb-pagination' is an Angular component and it has 'page' input, then verify that it is part of this module.
2. If 'ngb-pagination' is a Web Component then add 'CUSTOM_ELEMENTS_SCHEMA' to the '@NgModule.schemas' of this component to suppress this message.
3. To allow any property add 'NO_ERRORS_SCHEMA' to the '@NgModule.schemas' of this component.

74                 [(page)]="page"
                   ~~~~~~~~~~~~~~~

  src/app/components/productos/index-producto/index-producto.component.ts:14:16
    14   templateUrl: './index-producto.component.html',
                      ~~~~~~~~~~~~~~~~~~~~~~~~~~~~~~~~~
    Error occurs in the template of component IndexProductoComponent.


Error: src/app/components/productos/index-producto/index-producto.component.html:75:17 - error NG8002: Can't bind to 'pageSize' since it isn't a known property of 'ngb-pagination'.
1. If 'ngb-pagination' is an Angular component and it has 'pageSize' input, then verify that it is part of this module.
2. If 'ngb-pagination' is a Web Component then add 'CUSTOM_ELEMENTS_SCHEMA' to the '@NgModule.schemas' of this component to suppress this message.
3. To allow any property add 'NO_ERRORS_SCHEMA' to the '@NgModule.schemas' of this component.

75                 [pageSize]="pageSize"
                   ~~~~~~~~~~~~~~~~~~~~~

  src/app/components/productos/index-producto/index-producto.component.ts:14:16
    14   templateUrl: './index-producto.component.html',
                      ~~~~~~~~~~~~~~~~~~~~~~~~~~~~~~~~~
    Error occurs in the template of component IndexProductoComponent.


Error: src/app/components/productos/index-producto/index-producto.component.html:76:17 - error NG8002: Can't bind to 'collectionSize' since it isn't a known property of 'ngb-pagination'.
1. If 'ngb-pagination' is an Angular component and it has 'collectionSize' input, then verify that it is part of this module.
2. If 'ngb-pagination' is a Web Component then add 'CUSTOM_ELEMENTS_SCHEMA' to the '@NgModule.schemas' of this component to suppress this message.
3. To allow any property add 'NO_ERRORS_SCHEMA' to the '@NgModule.schemas' of this component.

76                 [collectionSize]="productos.length"
                   ~~~~~~~~~~~~~~~~~~~~~~~~~~~~~~~~~~~

  src/app/components/productos/index-producto/index-producto.component.ts:14:16
    14   templateUrl: './index-producto.component.html',
                      ~~~~~~~~~~~~~~~~~~~~~~~~~~~~~~~~~
    Error occurs in the template of component IndexProductoComponent.


Error: src/app/components/productos/index-producto/index-producto.component.html:109:141 - error NG8002: Can't bind to 'ngModel' since it isn't a known property of 'input'.

109                         <input class="form-control appended-form-control"  type="text" placeholder="Buscar producto" name="filter_producto" [(ngModel)]="filter_producto">
                                                                                                                                                ~~~~~~~~~~~~~~~~~~~~~~~~~~~~~

  src/app/components/productos/index-producto/index-producto.component.ts:14:16
    14   templateUrl: './index-producto.component.html',
                      ~~~~~~~~~~~~~~~~~~~~~~~~~~~~~~~~~
    Error occurs in the template of component IndexProductoComponent.


Error: src/app/components/productos/index-producto/index-producto.component.html:134:176 - error NG8002: Can't bind to 'ngModel' since it isn't a known property of 'input'.

134                         <input type="text" class="cs-filter-search form-control form-control-sm appended-form-control" placeholder="Buscar categorías" name="filter_categoria" [(ngModel)]="filter_categoria" (keyup)="buscar_categorias()">
                                                                                                                                                                                   ~~~~~~~~~~~~~~~~~~~~~~~~~~~~~~

  src/app/components/productos/index-producto/index-producto.component.ts:14:16
    14   templateUrl: './index-producto.component.html',
                      ~~~~~~~~~~~~~~~~~~~~~~~~~~~~~~~~~
    Error occurs in the template of component IndexProductoComponent.


Error: src/app/components/productos/index-producto/index-producto.component.html:144:159 - error NG8002: Can't bind to 'ngModel' since it isn't a known property of 'input'.

144                             <input type="radio" name="group1" (change)="buscar_por_categoria()" class="custom-control-input" id="blazers-todos" value="todos" [(ngModel)]="filter_cat_productos">
                                                                                                                                                                  ~~~~~~~~~~~~~~~~~~~~~~~~~~~~~~~~~~

  src/app/components/productos/index-producto/index-producto.component.ts:14:16
    14   templateUrl: './index-producto.component.html',
                      ~~~~~~~~~~~~~~~~~~~~~~~~~~~~~~~~~
    Error occurs in the template of component IndexProductoComponent.


Error: src/app/components/productos/index-producto/index-producto.component.html:153:174 - error NG8002: Can't bind to 'ngModel' since it isn't a known property of 'input'.

153                             <input type="radio" name="group1" (change)="buscar_por_categoria()" class="custom-control-input" id="blazers-{{indice}}" value="{{item.titulo}}" [(ngModel)]="filter_cat_productos">
                                                                                                                                                                                 ~~~~~~~~~~~~~~~~~~~~~~~~~~~~~~~~~~

  src/app/components/productos/index-producto/index-producto.component.ts:14:16
    14   templateUrl: './index-producto.component.html',
                      ~~~~~~~~~~~~~~~~~~~~~~~~~~~~~~~~~
    Error occurs in the template of component IndexProductoComponent.


Error: src/app/components/productos/index-producto/index-producto.component.html:236:26 - error NG8002: Can't bind to 'routerLink' since it isn't a known property of 'a'.

236                       <a [routerLink]="['/productos/',item.slug]" routerLinkActive="router-link-active"  class="card-img-top">
                             ~~~~~~~~~~~~~~~~~~~~~~~~~~~~~~~~~~~~~~~~

  src/app/components/productos/index-producto/index-producto.component.ts:14:16
    14   templateUrl: './index-producto.component.html',
                      ~~~~~~~~~~~~~~~~~~~~~~~~~~~~~~~~~
    Error occurs in the template of component IndexProductoComponent.


Error: src/app/components/productos/index-producto/index-producto.component.html:256:28 - error NG8002: Can't bind to 'routerLink' since it isn't a known property of 'a'.

256                         <a [routerLink]="['/productos/',item.slug]" class="nav-link">{{item.titulo}}</a>
                               ~~~~~~~~~~~~~~~~~~~~~~~~~~~~~~~~~~~~~~~~

  src/app/components/productos/index-producto/index-producto.component.ts:14:16
    14   templateUrl: './index-producto.component.html',
                      ~~~~~~~~~~~~~~~~~~~~~~~~~~~~~~~~~
    Error occurs in the template of component IndexProductoComponent.


Error: src/app/components/productos/index-producto/index-producto.component.html:262:91 - error NG8004: No pipe found with name 'descuento'.

262                         <span class="h5 d-inline-block text-danger mb-0">${{item.precio | descuento: descuento_activo.descuento}}</span>
                                                                                              ~~~~~~~~~

  src/app/components/productos/index-producto/index-producto.component.ts:14:16
    14   templateUrl: './index-producto.component.html',
                      ~~~~~~~~~~~~~~~~~~~~~~~~~~~~~~~~~
    Error occurs in the template of component IndexProductoComponent.


Error: src/app/components/productos/index-producto/index-producto.component.html:298:79 - error NG8002: Can't bind to 'ngModel' since it isn't a known property of 'select'.

298                 <select id="sorting-top" class="custom-select" name="sort_by" [(ngModel)]="sort_by" (change)="orden_por()">
                                                                                  ~~~~~~~~~~~~~~~~~~~~~

  src/app/components/productos/index-producto/index-producto.component.ts:14:16
    14   templateUrl: './index-producto.component.html',
                      ~~~~~~~~~~~~~~~~~~~~~~~~~~~~~~~~~
    Error occurs in the template of component IndexProductoComponent.


Error: src/app/components/productos/index-producto/index-producto.component.html:309:78 - error NG8002: Can't bind to 'ngModel' since it isn't a known property of 'select'.

309                 <select id="pager-top" class="custom-select" name="pageSize" [(ngModel)]="pageSize">
                                                                                 ~~~~~~~~~~~~~~~~~~~~~~

  src/app/components/productos/index-producto/index-producto.component.ts:14:16
    14   templateUrl: './index-producto.component.html',
                      ~~~~~~~~~~~~~~~~~~~~~~~~~~~~~~~~~
    Error occurs in the template of component IndexProductoComponent.


Error: src/app/components/productos/index-producto/index-producto.component.html:316:15 - error NG8001: 'ngb-pagination' is not a known element:
1. If 'ngb-pagination' is an Angular component, then verify that it is part of this module.
2. If 'ngb-pagination' is a Web Component then add 'CUSTOM_ELEMENTS_SCHEMA' to the '@NgModule.schemas' of this component to suppress this message.

316               <ngb-pagination
                  ~~~~~~~~~~~~~~~
317                 [(page)]="page"
    ~~~~~~~~~~~~~~~~~~~~~~~~~~~~~~~
... 
319                 [collectionSize]="productos.length"
    ~~~~~~~~~~~~~~~~~~~~~~~~~~~~~~~~~~~~~~~~~~~~~~~~~~~
320               ></ngb-pagination>
    ~~~~~~~~~~~~~~~

  src/app/components/productos/index-producto/index-producto.component.ts:14:16
    14   templateUrl: './index-producto.component.html',
                      ~~~~~~~~~~~~~~~~~~~~~~~~~~~~~~~~~
    Error occurs in the template of component IndexProductoComponent.


Error: src/app/components/productos/index-producto/index-producto.component.html:317:17 - error NG8002: Can't bind to 'page' since it isn't a known property of 'ngb-pagination'.
1. If 'ngb-pagination' is an Angular component and it has 'page' input, then verify that it is part of this module.
2. If 'ngb-pagination' is a Web Component then add 'CUSTOM_ELEMENTS_SCHEMA' to the '@NgModule.schemas' of this component to suppress this message.
3. To allow any property add 'NO_ERRORS_SCHEMA' to the '@NgModule.schemas' of this component.

317                 [(page)]="page"
                    ~~~~~~~~~~~~~~~

  src/app/components/productos/index-producto/index-producto.component.ts:14:16
    14   templateUrl: './index-producto.component.html',
                      ~~~~~~~~~~~~~~~~~~~~~~~~~~~~~~~~~
    Error occurs in the template of component IndexProductoComponent.


Error: src/app/components/productos/index-producto/index-producto.component.html:318:17 - error NG8002: Can't bind to 'pageSize' since it isn't a known property of 'ngb-pagination'.
1. If 'ngb-pagination' is an Angular component and it has 'pageSize' input, then verify that it is part of this module.
2. If 'ngb-pagination' is a Web Component then add 'CUSTOM_ELEMENTS_SCHEMA' to the '@NgModule.schemas' of this component to suppress this message.
3. To allow any property add 'NO_ERRORS_SCHEMA' to the '@NgModule.schemas' of this component.

318                 [pageSize]="pageSize"
                    ~~~~~~~~~~~~~~~~~~~~~

  src/app/components/productos/index-producto/index-producto.component.ts:14:16
    14   templateUrl: './index-producto.component.html',
                      ~~~~~~~~~~~~~~~~~~~~~~~~~~~~~~~~~
    Error occurs in the template of component IndexProductoComponent.


Error: src/app/components/productos/index-producto/index-producto.component.html:319:17 - error NG8002: Can't bind to 'collectionSize' since it isn't a known property of 'ngb-pagination'.
1. If 'ngb-pagination' is an Angular component and it has 'collectionSize' input, then verify that it is part of this module.
2. If 'ngb-pagination' is a Web Component then add 'CUSTOM_ELEMENTS_SCHEMA' to the '@NgModule.schemas' of this component to suppress this message.
3. To allow any property add 'NO_ERRORS_SCHEMA' to the '@NgModule.schemas' of this component.

319                 [collectionSize]="productos.length"
                    ~~~~~~~~~~~~~~~~~~~~~~~~~~~~~~~~~~~

  src/app/components/productos/index-producto/index-producto.component.ts:14:16
    14   templateUrl: './index-producto.component.html',
                      ~~~~~~~~~~~~~~~~~~~~~~~~~~~~~~~~~
    Error occurs in the template of component IndexProductoComponent.


Error: src/app/components/productos/index-producto/index-producto.component.html:327:1 - error NG8001: 'app-footer' is not a known element:
1. If 'app-footer' is an Angular component, then verify that it is part of this module.
2. If 'app-footer' is a Web Component then add 'CUSTOM_ELEMENTS_SCHEMA' to the '@NgModule.schemas' of this component to suppress this message.

327 <app-footer></app-footer>
    ~~~~~~~~~~~~

  src/app/components/productos/index-producto/index-producto.component.ts:14:16
    14   templateUrl: './index-producto.component.html',
                      ~~~~~~~~~~~~~~~~~~~~~~~~~~~~~~~~~
    Error occurs in the template of component IndexProductoComponent.


Error: src/app/components/productos/show-producto/show-producto.component.html:1:1 - error NG8001: 'app-nav' is not a known element:
1. If 'app-nav' is an Angular component, then verify that it is part of this module.
2. If 'app-nav' is a Web Component then add 'CUSTOM_ELEMENTS_SCHEMA' to the '@NgModule.schemas' of this component to suppress this message.

1 <app-nav></app-nav>
  ~~~~~~~~~

  src/app/components/productos/show-producto/show-producto.component.ts:14:16
    14   templateUrl: './show-producto.component.html',
                      ~~~~~~~~~~~~~~~~~~~~~~~~~~~~~~~~
    Error occurs in the template of component ShowProductoComponent.


Error: src/app/components/productos/show-producto/show-producto.component.html:8:14 - error NG8002: Can't bind to 'routerLink' since it isn't a known property of 'a'.

8           <a [routerLink]="['/']"><i class="cxi-home"></i></a>
               ~~~~~~~~~~~~~~~~~~~~

  src/app/components/productos/show-producto/show-producto.component.ts:14:16
    14   templateUrl: './show-producto.component.html',
                      ~~~~~~~~~~~~~~~~~~~~~~~~~~~~~~~~
    Error occurs in the template of component ShowProductoComponent.


Error: src/app/components/productos/show-producto/show-producto.component.html:11:41 - error NG8002: Can't bind to 'routerLink' since it isn't a known property of 'a'.

11           <a *ngIf="producto.categoria" [routerLink]="['/productos/categoria/',producto.categoria.toLowerCase()]"
                                           ~~~~~~~~~~~~~~~~~~~~~~~~~~~~~~~~~~~~~~~~~~~~~~~~~~~~~~~~~~~~~~~~~~~~~~~~~

  src/app/components/productos/show-producto/show-producto.component.ts:14:16
    14   templateUrl: './show-producto.component.html',
                      ~~~~~~~~~~~~~~~~~~~~~~~~~~~~~~~~
    Error occurs in the template of component ShowProductoComponent.


Error: src/app/components/productos/show-producto/show-producto.component.html:59:15 - error NG8004: No pipe found with name 'descuento'.

59               descuento:descuento_activo.descuento}}</span>
                 ~~~~~~~~~

  src/app/components/productos/show-producto/show-producto.component.ts:14:16
    14   templateUrl: './show-producto.component.html',
                      ~~~~~~~~~~~~~~~~~~~~~~~~~~~~~~~~
    Error occurs in the template of component ShowProductoComponent.


Error: src/app/components/productos/show-producto/show-producto.component.html:115:84 - error NG8002: Can't bind to 'ngModel' since it isn't a known property of 'select'.

115               <select class="form-control custom-select" id="size" name="variedad" [(ngModel)]="carrito_data.variedad">
                                                                                       ~~~~~~~~~~~~~~~~~~~~~~~~~~~~~~~~~~~

  src/app/components/productos/show-producto/show-producto.component.ts:14:16
    14   templateUrl: './show-producto.component.html',
                      ~~~~~~~~~~~~~~~~~~~~~~~~~~~~~~~~
    Error occurs in the template of component ShowProductoComponent.


Error: src/app/components/productos/show-producto/show-producto.component.html:132:17 - error NG8002: Can't bind to 'ngModel' since it isn't a known property of 'select'.

132                 [(ngModel)]="carrito_data.cantidad">
                    ~~~~~~~~~~~~~~~~~~~~~~~~~~~~~~~~~~~

  src/app/components/productos/show-producto/show-producto.component.ts:14:16
    14   templateUrl: './show-producto.component.html',
                      ~~~~~~~~~~~~~~~~~~~~~~~~~~~~~~~~
    Error occurs in the template of component ShowProductoComponent.


Error: src/app/components/productos/show-producto/show-producto.component.html:307:87 - error NG8004: No pipe found with name 'descuento'.

307                 <span class="h5 d-inline-block text-danger mb-0">${{producto.precio | descuento:
                                                                                          ~~~~~~~~~

  src/app/components/productos/show-producto/show-producto.component.ts:14:16
    14   templateUrl: './show-producto.component.html',
                      ~~~~~~~~~~~~~~~~~~~~~~~~~~~~~~~~
    Error occurs in the template of component ShowProductoComponent.


Error: src/app/components/productos/show-producto/show-producto.component.html:338:50 - error NG8002: Can't bind to 'ngClass' since it isn't a known property of 'i'.

338               <i class="sr-star cxi-star-filled" [ngClass]="{'active': puntos_raiting >=1}"></i>
                                                     ~~~~~~~~~~~~~~~~~~~~~~~~~~~~~~~~~~~~~~~~~~

  src/app/components/productos/show-producto/show-producto.component.ts:14:16
    14   templateUrl: './show-producto.component.html',
                      ~~~~~~~~~~~~~~~~~~~~~~~~~~~~~~~~
    Error occurs in the template of component ShowProductoComponent.


Error: src/app/components/productos/show-producto/show-producto.component.html:339:50 - error NG8002: Can't bind to 'ngClass' since it isn't a known property of 'i'.

339               <i class="sr-star cxi-star-filled" [ngClass]="{'active': puntos_raiting >=2}"></i>
                                                     ~~~~~~~~~~~~~~~~~~~~~~~~~~~~~~~~~~~~~~~~~~

  src/app/components/productos/show-producto/show-producto.component.ts:14:16
    14   templateUrl: './show-producto.component.html',
                      ~~~~~~~~~~~~~~~~~~~~~~~~~~~~~~~~
    Error occurs in the template of component ShowProductoComponent.


Error: src/app/components/productos/show-producto/show-producto.component.html:340:50 - error NG8002: Can't bind to 'ngClass' since it isn't a known property of 'i'.

340               <i class="sr-star cxi-star-filled" [ngClass]="{'active': puntos_raiting >=3}"></i>
                                                     ~~~~~~~~~~~~~~~~~~~~~~~~~~~~~~~~~~~~~~~~~~

  src/app/components/productos/show-producto/show-producto.component.ts:14:16
    14   templateUrl: './show-producto.component.html',
                      ~~~~~~~~~~~~~~~~~~~~~~~~~~~~~~~~
    Error occurs in the template of component ShowProductoComponent.


Error: src/app/components/productos/show-producto/show-producto.component.html:341:50 - error NG8002: Can't bind to 'ngClass' since it isn't a known property of 'i'.

341               <i class="sr-star cxi-star-filled" [ngClass]="{'active': puntos_raiting >=4}"></i>
                                                     ~~~~~~~~~~~~~~~~~~~~~~~~~~~~~~~~~~~~~~~~~~

  src/app/components/productos/show-producto/show-producto.component.ts:14:16
    14   templateUrl: './show-producto.component.html',
                      ~~~~~~~~~~~~~~~~~~~~~~~~~~~~~~~~
    Error occurs in the template of component ShowProductoComponent.


Error: src/app/components/productos/show-producto/show-producto.component.html:342:50 - error NG8002: Can't bind to 'ngClass' since it isn't a known property of 'i'.

342               <i class="sr-star cxi-star-filled" [ngClass]="{'active': puntos_raiting >=5}"></i>
                                                     ~~~~~~~~~~~~~~~~~~~~~~~~~~~~~~~~~~~~~~~~~~

  src/app/components/productos/show-producto/show-producto.component.ts:14:16
    14   templateUrl: './show-producto.component.html',
                      ~~~~~~~~~~~~~~~~~~~~~~~~~~~~~~~~
    Error occurs in the template of component ShowProductoComponent.


Error: src/app/components/productos/show-producto/show-producto.component.html:361:75 - error NG8002: Can't bind to 'ngStyle' since it isn't a known property of 'div'.

361                   <div class="progress-bar bg-success" role="progressbar" [ngStyle]="{'width': cinco_porcent+'%'}"
                                                                              ~~~~~~~~~~~~~~~~~~~~~~~~~~~~~~~~~~~~~~~~

  src/app/components/productos/show-producto/show-producto.component.ts:14:16
    14   templateUrl: './show-producto.component.html',
                      ~~~~~~~~~~~~~~~~~~~~~~~~~~~~~~~~
    Error occurs in the template of component ShowProductoComponent.


Error: src/app/components/productos/show-producto/show-producto.component.html:376:72 - error NG8002: Can't bind to 'ngStyle' since it isn't a known property of 'div'.

376                   <div class="progress-bar bg-info" role="progressbar" [ngStyle]="{'width': cuatro_porcent+'%'}"
                                                                           ~~~~~~~~~~~~~~~~~~~~~~~~~~~~~~~~~~~~~~~~~

  src/app/components/productos/show-producto/show-producto.component.ts:14:16
    14   templateUrl: './show-producto.component.html',
                      ~~~~~~~~~~~~~~~~~~~~~~~~~~~~~~~~
    Error occurs in the template of component ShowProductoComponent.


Error: src/app/components/productos/show-producto/show-producto.component.html:391:75 - error NG8002: Can't bind to 'ngStyle' since it isn't a known property of 'div'.

391                   <div class="progress-bar bg-warning" role="progressbar" [ngStyle]="{'width': tres_porcent+'%'}"
                                                                              ~~~~~~~~~~~~~~~~~~~~~~~~~~~~~~~~~~~~~~~

  src/app/components/productos/show-producto/show-producto.component.ts:14:16
    14   templateUrl: './show-producto.component.html',
                      ~~~~~~~~~~~~~~~~~~~~~~~~~~~~~~~~
    Error occurs in the template of component ShowProductoComponent.


Error: src/app/components/productos/show-producto/show-producto.component.html:406:74 - error NG8002: Can't bind to 'ngStyle' since it isn't a known property of 'div'.

406                   <div class="progress-bar bg-danger" role="progressbar" [ngStyle]="{'width': dos_porcent+'%'}"
                                                                             ~~~~~~~~~~~~~~~~~~~~~~~~~~~~~~~~~~~~~~

  src/app/components/productos/show-producto/show-producto.component.ts:14:16
    14   templateUrl: './show-producto.component.html',
                      ~~~~~~~~~~~~~~~~~~~~~~~~~~~~~~~~
    Error occurs in the template of component ShowProductoComponent.


Error: src/app/components/productos/show-producto/show-producto.component.html:421:75 - error NG8002: Can't bind to 'ngStyle' since it isn't a known property of 'div'.

421                   <div class="progress-bar bg-primary" role="progressbar" [ngStyle]="{'width': uno_porcent+'%'}"
                                                                              ~~~~~~~~~~~~~~~~~~~~~~~~~~~~~~~~~~~~~~

  src/app/components/productos/show-producto/show-producto.component.ts:14:16
    14   templateUrl: './show-producto.component.html',
                      ~~~~~~~~~~~~~~~~~~~~~~~~~~~~~~~~
    Error occurs in the template of component ShowProductoComponent.


Error: src/app/components/productos/show-producto/show-producto.component.html:451:85 - error NG8004: No pipe found with name 'date'.
To fix this, import the "DatePipe" class from "@angular/common" and add it to the "imports" array of the module declaring the component.

451                 <span class="d-block mb-3 font-size-sm text-muted">{{item.createdAt|date}}</span>
                                                                                        ~~~~

  src/app/components/productos/show-producto/show-producto.component.ts:14:16
    14   templateUrl: './show-producto.component.html',
                      ~~~~~~~~~~~~~~~~~~~~~~~~~~~~~~~~
    Error occurs in the template of component ShowProductoComponent.


Error: src/app/components/productos/show-producto/show-producto.component.html:453:54 - error NG8002: Can't bind to 'ngClass' since it isn't a known property of 'i'.

453                   <i class="sr-star cxi-star-filled" [ngClass]="{'active': item.estrellas >=1}"></i>
                                                         ~~~~~~~~~~~~~~~~~~~~~~~~~~~~~~~~~~~~~~~~~~

  src/app/components/productos/show-producto/show-producto.component.ts:14:16
    14   templateUrl: './show-producto.component.html',
                      ~~~~~~~~~~~~~~~~~~~~~~~~~~~~~~~~
    Error occurs in the template of component ShowProductoComponent.


Error: src/app/components/productos/show-producto/show-producto.component.html:454:54 - error NG8002: Can't bind to 'ngClass' since it isn't a known property of 'i'.

454                   <i class="sr-star cxi-star-filled" [ngClass]="{'active': item.estrellas >=2}"></i>
                                                         ~~~~~~~~~~~~~~~~~~~~~~~~~~~~~~~~~~~~~~~~~~

  src/app/components/productos/show-producto/show-producto.component.ts:14:16
    14   templateUrl: './show-producto.component.html',
                      ~~~~~~~~~~~~~~~~~~~~~~~~~~~~~~~~
    Error occurs in the template of component ShowProductoComponent.


Error: src/app/components/productos/show-producto/show-producto.component.html:455:54 - error NG8002: Can't bind to 'ngClass' since it isn't a known property of 'i'.

455                   <i class="sr-star cxi-star-filled" [ngClass]="{'active': item.estrellas >=3}"></i>
                                                         ~~~~~~~~~~~~~~~~~~~~~~~~~~~~~~~~~~~~~~~~~~

  src/app/components/productos/show-producto/show-producto.component.ts:14:16
    14   templateUrl: './show-producto.component.html',
                      ~~~~~~~~~~~~~~~~~~~~~~~~~~~~~~~~
    Error occurs in the template of component ShowProductoComponent.


Error: src/app/components/productos/show-producto/show-producto.component.html:456:54 - error NG8002: Can't bind to 'ngClass' since it isn't a known property of 'i'.

456                   <i class="sr-star cxi-star-filled" [ngClass]="{'active': item.estrellas >=4}"></i>
                                                         ~~~~~~~~~~~~~~~~~~~~~~~~~~~~~~~~~~~~~~~~~~

  src/app/components/productos/show-producto/show-producto.component.ts:14:16
    14   templateUrl: './show-producto.component.html',
                      ~~~~~~~~~~~~~~~~~~~~~~~~~~~~~~~~
    Error occurs in the template of component ShowProductoComponent.


Error: src/app/components/productos/show-producto/show-producto.component.html:457:54 - error NG8002: Can't bind to 'ngClass' since it isn't a known property of 'i'.

457                   <i class="sr-star cxi-star-filled" [ngClass]="{'active': item.estrellas >=5}"></i>
                                                         ~~~~~~~~~~~~~~~~~~~~~~~~~~~~~~~~~~~~~~~~~~

  src/app/components/productos/show-producto/show-producto.component.ts:14:16
    14   templateUrl: './show-producto.component.html',
                      ~~~~~~~~~~~~~~~~~~~~~~~~~~~~~~~~
    Error occurs in the template of component ShowProductoComponent.


Error: src/app/components/productos/show-producto/show-producto.component.html:482:9 - error NG8001: 'ngb-pagination' is not a known element:
1. If 'ngb-pagination' is an Angular component, then verify that it is part of this module.
2. If 'ngb-pagination' is a Web Component then add 'CUSTOM_ELEMENTS_SCHEMA' to the '@NgModule.schemas' of this component to suppress this message.

482         <ngb-pagination [(page)]="page" [pageSize]="pageSize" [collectionSize]="reviews.length"></ngb-pagination>
            ~~~~~~~~~~~~~~~~~~~~~~~~~~~~~~~~~~~~~~~~~~~~~~~~~~~~~~~~~~~~~~~~~~~~~~~~~~~~~~~~~~~~~~~~

  src/app/components/productos/show-producto/show-producto.component.ts:14:16
    14   templateUrl: './show-producto.component.html',
                      ~~~~~~~~~~~~~~~~~~~~~~~~~~~~~~~~
    Error occurs in the template of component ShowProductoComponent.


Error: src/app/components/productos/show-producto/show-producto.component.html:482:25 - error NG8002: Can't bind to 'page' since it isn't a known property of 'ngb-pagination'.
1. If 'ngb-pagination' is an Angular component and it has 'page' input, then verify that it is part of this module.
2. If 'ngb-pagination' is a Web Component then add 'CUSTOM_ELEMENTS_SCHEMA' to the '@NgModule.schemas' of this component to suppress this message.
3. To allow any property add 'NO_ERRORS_SCHEMA' to the '@NgModule.schemas' of this component.

482         <ngb-pagination [(page)]="page" [pageSize]="pageSize" [collectionSize]="reviews.length"></ngb-pagination>
                            ~~~~~~~~~~~~~~~

  src/app/components/productos/show-producto/show-producto.component.ts:14:16
    14   templateUrl: './show-producto.component.html',
                      ~~~~~~~~~~~~~~~~~~~~~~~~~~~~~~~~
    Error occurs in the template of component ShowProductoComponent.


Error: src/app/components/productos/show-producto/show-producto.component.html:482:41 - error NG8002: Can't bind to 'pageSize' since it isn't a known property of 'ngb-pagination'.
1. If 'ngb-pagination' is an Angular component and it has 'pageSize' input, then verify that it is part of this module.
2. If 'ngb-pagination' is a Web Component then add 'CUSTOM_ELEMENTS_SCHEMA' to the '@NgModule.schemas' of this component to suppress this message.
3. To allow any property add 'NO_ERRORS_SCHEMA' to the '@NgModule.schemas' of this component.

482         <ngb-pagination [(page)]="page" [pageSize]="pageSize" [collectionSize]="reviews.length"></ngb-pagination>
                                            ~~~~~~~~~~~~~~~~~~~~~

  src/app/components/productos/show-producto/show-producto.component.ts:14:16
    14   templateUrl: './show-producto.component.html',
                      ~~~~~~~~~~~~~~~~~~~~~~~~~~~~~~~~
    Error occurs in the template of component ShowProductoComponent.


Error: src/app/components/productos/show-producto/show-producto.component.html:482:63 - error NG8002: Can't bind to 'collectionSize' since it isn't a known property of 'ngb-pagination'.
1. If 'ngb-pagination' is an Angular component and it has 'collectionSize' input, then verify that it is part of this module.
2. If 'ngb-pagination' is a Web Component then add 'CUSTOM_ELEMENTS_SCHEMA' to the '@NgModule.schemas' of this component to suppress this message.
3. To allow any property add 'NO_ERRORS_SCHEMA' to the '@NgModule.schemas' of this component.

482         <ngb-pagination [(page)]="page" [pageSize]="pageSize" [collectionSize]="reviews.length"></ngb-pagination>
                                                                  ~~~~~~~~~~~~~~~~~~~~~~~~~~~~~~~~~

  src/app/components/productos/show-producto/show-producto.component.ts:14:16
    14   templateUrl: './show-producto.component.html',
                      ~~~~~~~~~~~~~~~~~~~~~~~~~~~~~~~~
    Error occurs in the template of component ShowProductoComponent.


Error: src/app/components/productos/show-producto/show-producto.component.html:519:85 - error NG8004: No pipe found with name 'descuento'.

519               <span class="h5 d-inline-block text-danger mb-0">${{producto.precio | descuento:
                                                                                        ~~~~~~~~~

  src/app/components/productos/show-producto/show-producto.component.ts:14:16
    14   templateUrl: './show-producto.component.html',
                      ~~~~~~~~~~~~~~~~~~~~~~~~~~~~~~~~
    Error occurs in the template of component ShowProductoComponent.


Error: src/app/components/productos/show-producto/show-producto.component.html:561:20 - error NG8002: Can't bind to 'routerLink' since it isn't a known property of 'a'.

561                 <a [routerLink]="['/productos/',item.slug]" target="_blank" class="card-img-top">
                       ~~~~~~~~~~~~~~~~~~~~~~~~~~~~~~~~~~~~~~~~

  src/app/components/productos/show-producto/show-producto.component.ts:14:16
    14   templateUrl: './show-producto.component.html',
                      ~~~~~~~~~~~~~~~~~~~~~~~~~~~~~~~~
    Error occurs in the template of component ShowProductoComponent.


Error: src/app/components/productos/show-producto/show-producto.component.html:565:22 - error NG8002: Can't bind to 'routerLink' since it isn't a known property of 'a'.

565                   <a [routerLink]="['/productos/',item.slug]" target="_blank" class="btn-wishlist ml-auto"
                         ~~~~~~~~~~~~~~~~~~~~~~~~~~~~~~~~~~~~~~~~

  src/app/components/productos/show-producto/show-producto.component.ts:14:16
    14   templateUrl: './show-producto.component.html',
                      ~~~~~~~~~~~~~~~~~~~~~~~~~~~~~~~~
    Error occurs in the template of component ShowProductoComponent.


Error: src/app/components/productos/show-producto/show-producto.component.html:571:22 - error NG8002: Can't bind to 'routerLink' since it isn't a known property of 'a'.

571                   <a [routerLink]="['/productos/',item.slug]" target="_blank" class="nav-link">{{item.titulo}}</a>
                         ~~~~~~~~~~~~~~~~~~~~~~~~~~~~~~~~~~~~~~~~

  src/app/components/productos/show-producto/show-producto.component.ts:14:16
    14   templateUrl: './show-producto.component.html',
                      ~~~~~~~~~~~~~~~~~~~~~~~~~~~~~~~~
    Error occurs in the template of component ShowProductoComponent.


Error: src/app/components/productos/show-producto/show-producto.component.html:731:1 - error NG8001: 'app-footer' is not a known element:
1. If 'app-footer' is an Angular component, then verify that it is part of this module.
2. If 'app-footer' is a Web Component then add 'CUSTOM_ELEMENTS_SCHEMA' to the '@NgModule.schemas' of this component to suppress this message.

731 <app-footer></app-footer>
    ~~~~~~~~~~~~

  src/app/components/productos/show-producto/show-producto.component.ts:14:16
    14   templateUrl: './show-producto.component.html',
                      ~~~~~~~~~~~~~~~~~~~~~~~~~~~~~~~~
    Error occurs in the template of component ShowProductoComponent.


Error: src/app/components/usuario/direcciones/direcciones.component.html:1:1 - error NG8001: 'app-nav' is not a known element:
1. If 'app-nav' is an Angular component, then verify that it is part of this module.
2. If 'app-nav' is a Web Component then add 'CUSTOM_ELEMENTS_SCHEMA' to the '@NgModule.schemas' of this component to suppress this message.

1 <app-nav></app-nav>
  ~~~~~~~~~

  src/app/components/usuario/direcciones/direcciones.component.ts:10:16
    10   templateUrl: './direcciones.component.html',
                      ~~~~~~~~~~~~~~~~~~~~~~~~~~~~~~
    Error occurs in the template of component DireccionesComponent.


Error: src/app/components/usuario/direcciones/direcciones.component.html:8:18 - error NG8002: Can't bind to 'routerLink' since it isn't a known property of 'a'.

8               <a [routerLink]="['/']"><i class="cxi-home"></i></a>
                   ~~~~~~~~~~~~~~~~~~~~

  src/app/components/usuario/direcciones/direcciones.component.ts:10:16
    10   templateUrl: './direcciones.component.html',
                      ~~~~~~~~~~~~~~~~~~~~~~~~~~~~~~
    Error occurs in the template of component DireccionesComponent.


Error: src/app/components/usuario/direcciones/direcciones.component.html:21:13 - error NG8001: 'app-siderbar' is not a known element:
1. If 'app-siderbar' is an Angular component, then verify that it is part of this module.
2. If 'app-siderbar' is a Web Component then add 'CUSTOM_ELEMENTS_SCHEMA' to the '@NgModule.schemas' of this component to suppress this message.

21             <app-siderbar></app-siderbar>
               ~~~~~~~~~~~~~~

  src/app/components/usuario/direcciones/direcciones.component.ts:10:16
    10   templateUrl: './direcciones.component.html',
                      ~~~~~~~~~~~~~~~~~~~~~~~~~~~~~~
    Error occurs in the template of component DireccionesComponent.


Error: src/app/components/usuario/direcciones/direcciones.component.html:32:47 - error NG8003: No directive found with exportAs 'ngForm'.

32             <form class="mb-5" #registroForm="ngForm" (ngSubmit)="registrar(registroForm)">
                                                 ~~~~~~

  src/app/components/usuario/direcciones/direcciones.component.ts:10:16
    10   templateUrl: './direcciones.component.html',
                      ~~~~~~~~~~~~~~~~~~~~~~~~~~~~~~
    Error occurs in the template of component DireccionesComponent.


Error: src/app/components/usuario/direcciones/direcciones.component.html:36:110 - error NG8002: Can't bind to 'ngModel' since it isn't a known property of 'input'.

36                         <input type="text" required class="form-control form-control-lg" name="destinatario" [(ngModel)]="direccion.destinatario" placeholder="Nombres completos del destinatario">
                                                                                                                ~~~~~~~~~~~~~~~~~~~~~~~~~~~~~~~~~~~~

  src/app/components/usuario/direcciones/direcciones.component.ts:10:16
    10   templateUrl: './direcciones.component.html',
                      ~~~~~~~~~~~~~~~~~~~~~~~~~~~~~~
    Error occurs in the template of component DireccionesComponent.


Error: src/app/components/usuario/direcciones/direcciones.component.html:40:101 - error NG8002: Can't bind to 'ngModel' since it isn't a known property of 'input'.

40                         <input type="text" required class="form-control form-control-lg" name="dni" [(ngModel)]="direccion.dni" placeholder="DNI">
                                                                                                       ~~~~~~~~~~~~~~~~~~~~~~~~~~~

  src/app/components/usuario/direcciones/direcciones.component.ts:10:16
    10   templateUrl: './direcciones.component.html',
                      ~~~~~~~~~~~~~~~~~~~~~~~~~~~~~~
    Error occurs in the template of component DireccionesComponent.


Error: src/app/components/usuario/direcciones/direcciones.component.html:44:101 - error NG8002: Can't bind to 'ngModel' since it isn't a known property of 'input'.

44                         <input type="text" required class="form-control form-control-lg" name="zip" [(ngModel)]="direccion.zip" placeholder="Código postal">
                                                                                                       ~~~~~~~~~~~~~~~~~~~~~~~~~~~

  src/app/components/usuario/direcciones/direcciones.component.ts:10:16
    10   templateUrl: './direcciones.component.html',
                      ~~~~~~~~~~~~~~~~~~~~~~~~~~~~~~
    Error occurs in the template of component DireccionesComponent.


Error: src/app/components/usuario/direcciones/direcciones.component.html:48:106 - error NG8002: Can't bind to 'ngModel' since it isn't a known property of 'input'.

48                         <input type="text" required class="form-control form-control-lg" name="telefono" [(ngModel)]="direccion.telefono" placeholder="Telefono">
                                                                                                            ~~~~~~~~~~~~~~~~~~~~~~~~~~~~~~~~

  src/app/components/usuario/direcciones/direcciones.component.ts:10:16
    10   templateUrl: './direcciones.component.html',
                      ~~~~~~~~~~~~~~~~~~~~~~~~~~~~~~
    Error occurs in the template of component DireccionesComponent.


Error: src/app/components/usuario/direcciones/direcciones.component.html:52:106 - error NG8002: Can't bind to 'ngModel' since it isn't a known property of 'textarea'.

52                         <textarea required class="form-control" placeholder="Direccion" name="direccion" [(ngModel)]="direccion.direccion" rows="3"></textarea>
                                                                                                            ~~~~~~~~~~~~~~~~~~~~~~~~~~~~~~~~~

  src/app/components/usuario/direcciones/direcciones.component.ts:10:16
    10   templateUrl: './direcciones.component.html',
                      ~~~~~~~~~~~~~~~~~~~~~~~~~~~~~~
    Error occurs in the template of component DireccionesComponent.


Error: src/app/components/usuario/direcciones/direcciones.component.html:58:54 - error NG8002: Can't bind to 'ngModel' since it isn't a known property of 'select'.

58                         <select name="pais" required [(ngModel)]="direccion.pais" class="custom-select custom-select-lg" (change)="select_pais()">
                                                        ~~~~~~~~~~~~~~~~~~~~~~~~~~~~

  src/app/components/usuario/direcciones/direcciones.component.ts:10:16
    10   templateUrl: './direcciones.component.html',
                      ~~~~~~~~~~~~~~~~~~~~~~~~~~~~~~
    Error occurs in the template of component DireccionesComponent.


Error: src/app/components/usuario/direcciones/direcciones.component.html:86:62 - error NG8002: Can't bind to 'ngModel' since it isn't a known property of 'select'.

86                         <select id="sl-region" name="region" [(ngModel)]="direccion.region" class="custom-select custom-select-lg" disabled (change)="select_region()">
                                                                ~~~~~~~~~~~~~~~~~~~~~~~~~~~~~~

  src/app/components/usuario/direcciones/direcciones.component.ts:10:16
    10   templateUrl: './direcciones.component.html',
                      ~~~~~~~~~~~~~~~~~~~~~~~~~~~~~~
    Error occurs in the template of component DireccionesComponent.


Error: src/app/components/usuario/direcciones/direcciones.component.html:93:68 - error NG8002: Can't bind to 'ngModel' since it isn't a known property of 'select'.

93                         <select id="sl-provincia" name="provincia" [(ngModel)]="direccion.provincia" class="custom-select custom-select-lg" disabled (change)="select_provincia()">
                                                                      ~~~~~~~~~~~~~~~~~~~~~~~~~~~~~~~~~

  src/app/components/usuario/direcciones/direcciones.component.ts:10:16
    10   templateUrl: './direcciones.component.html',
                      ~~~~~~~~~~~~~~~~~~~~~~~~~~~~~~
    Error occurs in the template of component DireccionesComponent.


Error: src/app/components/usuario/direcciones/direcciones.component.html:100:66 - error NG8002: Can't bind to 'ngModel' since it isn't a known property of 'select'.

100                         <select id="sl-distrito" name="distrito" [(ngModel)]="direccion.distrito" class="custom-select custom-select-lg" disabled>
                                                                     ~~~~~~~~~~~~~~~~~~~~~~~~~~~~~~~~

  src/app/components/usuario/direcciones/direcciones.component.ts:10:16
    10   templateUrl: './direcciones.component.html',
                      ~~~~~~~~~~~~~~~~~~~~~~~~~~~~~~
    Error occurs in the template of component DireccionesComponent.


Error: src/app/components/usuario/direcciones/direcciones.component.html:107:114 - error NG8002: Can't bind to 'ngModel' since it isn't a known property of 'input'.

107                             <input class="custom-control-input" type="checkbox" id="ex-check-1" name="principal" [(ngModel)]="direccion.principal">
                                                                                                                     ~~~~~~~~~~~~~~~~~~~~~~~~~~~~~~~~~

  src/app/components/usuario/direcciones/direcciones.component.ts:10:16
    10   templateUrl: './direcciones.component.html',
                      ~~~~~~~~~~~~~~~~~~~~~~~~~~~~~~
    Error occurs in the template of component DireccionesComponent.


Error: src/app/components/usuario/direcciones/direcciones.component.html:173:1 - error NG8001: 'app-footer' is not a known element:
1. If 'app-footer' is an Angular component, then verify that it is part of this module.
2. If 'app-footer' is a Web Component then add 'CUSTOM_ELEMENTS_SCHEMA' to the '@NgModule.schemas' of this component to suppress this message.

173 <app-footer></app-footer>
    ~~~~~~~~~~~~

  src/app/components/usuario/direcciones/direcciones.component.ts:10:16
    10   templateUrl: './direcciones.component.html',
                      ~~~~~~~~~~~~~~~~~~~~~~~~~~~~~~
    Error occurs in the template of component DireccionesComponent.


Error: src/app/components/usuario/ordenes/detalle-orden/detalle-orden.component.html:1:1 - error NG8001: 'app-nav' is not a known element:
1. If 'app-nav' is an Angular component, then verify that it is part of this module.
2. If 'app-nav' is a Web Component then add 'CUSTOM_ELEMENTS_SCHEMA' to the '@NgModule.schemas' of this component to suppress this message.

1 <app-nav></app-nav>
  ~~~~~~~~~

  src/app/components/usuario/ordenes/detalle-orden/detalle-orden.component.ts:12:16
    12   templateUrl: './detalle-orden.component.html',
                      ~~~~~~~~~~~~~~~~~~~~~~~~~~~~~~~~
    Error occurs in the template of component DetalleOrdenComponent.


Error: src/app/components/usuario/ordenes/detalle-orden/detalle-orden.component.html:8:18 - error NG8002: Can't bind to 'routerLink' since it isn't a known property of 'a'.

8               <a [routerLink]="['/']"><i class="cxi-home"></i></a>
                   ~~~~~~~~~~~~~~~~~~~~

  src/app/components/usuario/ordenes/detalle-orden/detalle-orden.component.ts:12:16
    12   templateUrl: './detalle-orden.component.html',
                      ~~~~~~~~~~~~~~~~~~~~~~~~~~~~~~~~
    Error occurs in the template of component DetalleOrdenComponent.


Error: src/app/components/usuario/ordenes/detalle-orden/detalle-orden.component.html:21:13 - error NG8001: 'app-siderbar' is not a known element:
1. If 'app-siderbar' is an Angular component, then verify that it is part of this module.
2. If 'app-siderbar' is a Web Component then add 'CUSTOM_ELEMENTS_SCHEMA' to the '@NgModule.schemas' of this component to suppress this message.

21             <app-siderbar></app-siderbar>
               ~~~~~~~~~~~~~~

  src/app/components/usuario/ordenes/detalle-orden/detalle-orden.component.ts:12:16
    12   templateUrl: './detalle-orden.component.html',
                      ~~~~~~~~~~~~~~~~~~~~~~~~~~~~~~~~
    Error occurs in the template of component DetalleOrdenComponent.


Error: src/app/components/usuario/ordenes/detalle-orden/detalle-orden.component.html:49:91 - error NG8004: No pipe found with name 'date'.
To fix this, import the "DatePipe" class from "@angular/common" and add it to the "imports" array of the module declaring the component.

49                               <td class="border-0 py-2 px-0 text-muted">{{orden.createdAt|date}}</td>
                                                                                             ~~~~

  src/app/components/usuario/ordenes/detalle-orden/detalle-orden.component.ts:12:16
    12   templateUrl: './detalle-orden.component.html',
                      ~~~~~~~~~~~~~~~~~~~~~~~~~~~~~~~~
    Error occurs in the template of component DetalleOrdenComponent.


Error: src/app/components/usuario/ordenes/detalle-orden/detalle-orden.component.html:141:144 - error NG8002: Can't bind to 'ngModel' since it isn't a known property of 'textarea'.

141                                                 <textarea required class="form-control" placeholder="Que te parecio el producto" name="review" [(ngModel)]="review.review" rows="3"></textarea>
                                                                                                                                                   ~~~~~~~~~~~~~~~~~~~~~~~~~~~

  src/app/components/usuario/ordenes/detalle-orden/detalle-orden.component.ts:12:16
    12   templateUrl: './detalle-orden.component.html',
                      ~~~~~~~~~~~~~~~~~~~~~~~~~~~~~~~~
    Error occurs in the template of component DetalleOrdenComponent.


Error: src/app/components/usuario/ordenes/detalle-orden/detalle-orden.component.html:144:43 - error NG8001: 'star-rating' is not a known element:
1. If 'star-rating' is an Angular component, then verify that it is part of this module.
2. If 'star-rating' is a Web Component then add 'CUSTOM_ELEMENTS_SCHEMA' to the '@NgModule.schemas' of this component to suppress this message.

144                                           <star-rating value={{totalstar}} size="45px"  checkedcolor="gold" uncheckedcolor="gray" totalstars={{totalstar}}
                                              ~~~~~~~~~~~~~~~~~~~~~~~~~~~~~~~~~~~~~~~~~~~~~~~~~~~~~~~~~~~~~~~~~~~~~~~~~~~~~~~~~~~~~~~~~~~~~~~~~~~~~~~~~~~~~~~~
145                                           (rate)="onRate($event)"></star-rating>
    ~~~~~~~~~~~~~~~~~~~~~~~~~~~~~~~~~~~~~~~~~~~~~~~~~~~~~~~~~~~~~~~~~~

  src/app/components/usuario/ordenes/detalle-orden/detalle-orden.component.ts:12:16
    12   templateUrl: './detalle-orden.component.html',
                      ~~~~~~~~~~~~~~~~~~~~~~~~~~~~~~~~
    Error occurs in the template of component DetalleOrdenComponent.


Error: src/app/components/usuario/ordenes/detalle-orden/detalle-orden.component.html:144:56 - error NG8002: Can't bind to 'value' since it isn't a known property of 'star-rating'.
1. If 'star-rating' is an Angular component and it has 'value' input, then verify that it is part of this module.
2. If 'star-rating' is a Web Component then add 'CUSTOM_ELEMENTS_SCHEMA' to the '@NgModule.schemas' of this component to suppress this message.
3. To allow any property add 'NO_ERRORS_SCHEMA' to the '@NgModule.schemas' of this component.

144                                           <star-rating value={{totalstar}} size="45px"  checkedcolor="gold" uncheckedcolor="gray" totalstars={{totalstar}}
                                                           ~~~~~~~~~~~~~~~~~~~

  src/app/components/usuario/ordenes/detalle-orden/detalle-orden.component.ts:12:16
    12   templateUrl: './detalle-orden.component.html',
                      ~~~~~~~~~~~~~~~~~~~~~~~~~~~~~~~~
    Error occurs in the template of component DetalleOrdenComponent.


Error: src/app/components/usuario/ordenes/detalle-orden/detalle-orden.component.html:144:131 - error NG8002: Can't bind to 'totalstars' since it isn't a known property of 'star-rating'.
1. If 'star-rating' is an Angular component and it has 'totalstars' input, then verify that it is part of this module.
2. If 'star-rating' is a Web Component then add 'CUSTOM_ELEMENTS_SCHEMA' to the '@NgModule.schemas' of this component to suppress this message.
3. To allow any property add 'NO_ERRORS_SCHEMA' to the '@NgModule.schemas' of this component.

144                                           <star-rating value={{totalstar}} size="45px"  checkedcolor="gold" uncheckedcolor="gray" totalstars={{totalstar}}
                                                                                                                                      ~~~~~~~~~~~~~~~~~~~~~~~~

  src/app/components/usuario/ordenes/detalle-orden/detalle-orden.component.ts:12:16
    12   templateUrl: './detalle-orden.component.html',
                      ~~~~~~~~~~~~~~~~~~~~~~~~~~~~~~~~
    Error occurs in the template of component DetalleOrdenComponent.


Error: src/app/components/usuario/ordenes/detalle-orden/detalle-orden.component.html:219:1 - error NG8001: 'app-footer' is not a known element:
1. If 'app-footer' is an Angular component, then verify that it is part of this module.
2. If 'app-footer' is a Web Component then add 'CUSTOM_ELEMENTS_SCHEMA' to the '@NgModule.schemas' of this component to suppress this message.

219 <app-footer></app-footer>
    ~~~~~~~~~~~~

  src/app/components/usuario/ordenes/detalle-orden/detalle-orden.component.ts:12:16
    12   templateUrl: './detalle-orden.component.html',
                      ~~~~~~~~~~~~~~~~~~~~~~~~~~~~~~~~
    Error occurs in the template of component DetalleOrdenComponent.


Error: src/app/components/usuario/ordenes/detalle-orden/detalle-orden.component.ts:3:37 - error TS2307: Cannot find module 'ng-starrating' or its corresponding type declarations.

3 import { StarRatingComponent } from 'ng-starrating';
                                      ~~~~~~~~~~~~~~~


Error: src/app/components/usuario/ordenes/index-ordenes/index-ordenes.component.html:1:1 - error NG8001: 'app-nav' is not a known element:
1. If 'app-nav' is an Angular component, then verify that it is part of this module.
2. If 'app-nav' is a Web Component then add 'CUSTOM_ELEMENTS_SCHEMA' to the '@NgModule.schemas' of this component to suppress this message.

1 <app-nav></app-nav>
  ~~~~~~~~~

  src/app/components/usuario/ordenes/index-ordenes/index-ordenes.component.ts:7:16
    7   templateUrl: './index-ordenes.component.html',
                     ~~~~~~~~~~~~~~~~~~~~~~~~~~~~~~~~
    Error occurs in the template of component IndexOrdenesComponent.


Error: src/app/components/usuario/ordenes/index-ordenes/index-ordenes.component.html:8:18 - error NG8002: Can't bind to 'routerLink' since it isn't a known property of 'a'.

8               <a [routerLink]="['/']"><i class="cxi-home"></i></a>
                   ~~~~~~~~~~~~~~~~~~~~

  src/app/components/usuario/ordenes/index-ordenes/index-ordenes.component.ts:7:16
    7   templateUrl: './index-ordenes.component.html',
                     ~~~~~~~~~~~~~~~~~~~~~~~~~~~~~~~~
    Error occurs in the template of component IndexOrdenesComponent.


Error: src/app/components/usuario/ordenes/index-ordenes/index-ordenes.component.html:21:13 - error NG8001: 'app-siderbar' is not a known element:
1. If 'app-siderbar' is an Angular component, then verify that it is part of this module.
2. If 'app-siderbar' is a Web Component then add 'CUSTOM_ELEMENTS_SCHEMA' to the '@NgModule.schemas' of this component to suppress this message.

21             <app-siderbar></app-siderbar>
               ~~~~~~~~~~~~~~

  src/app/components/usuario/ordenes/index-ordenes/index-ordenes.component.ts:7:16
    7   templateUrl: './index-ordenes.component.html',
                     ~~~~~~~~~~~~~~~~~~~~~~~~~~~~~~~~
    Error occurs in the template of component IndexOrdenesComponent.


Error: src/app/components/usuario/ordenes/index-ordenes/index-ordenes.component.html:50:26 - error NG8002: Can't bind to 'routerLink' since it isn't a known property of 'a'.

50                       <a [routerLink]="['/cuenta/ordenes',item._id]" routerLinkActive="router-link-active"  class="d-flex flex-wrap justify-content-between py-3" data-toggle="collapse" aria-expanded="false">
                            ~~~~~~~~~~~~~~~~~~~~~~~~~~~~~~~~~~~~~~~~~~~

  src/app/components/usuario/ordenes/index-ordenes/index-ordenes.component.ts:7:16
    7   templateUrl: './index-ordenes.component.html',
                     ~~~~~~~~~~~~~~~~~~~~~~~~~~~~~~~~
    Error occurs in the template of component IndexOrdenesComponent.


Error: src/app/components/usuario/ordenes/index-ordenes/index-ordenes.component.html:54:46 - error NG8004: No pipe found with name 'date'.
To fix this, import the "DatePipe" class from "@angular/common" and add it to the "imports" array of the module declaring the component.

54                           {{item.createdAt | date}}
                                                ~~~~

  src/app/components/usuario/ordenes/index-ordenes/index-ordenes.component.ts:7:16
    7   templateUrl: './index-ordenes.component.html',
                     ~~~~~~~~~~~~~~~~~~~~~~~~~~~~~~~~
    Error occurs in the template of component IndexOrdenesComponent.


Error: src/app/components/usuario/ordenes/index-ordenes/index-ordenes.component.html:89:19 - error NG8001: 'ngb-pagination' is not a known element:
1. If 'ngb-pagination' is an Angular component, then verify that it is part of this module.
2. If 'ngb-pagination' is a Web Component then add 'CUSTOM_ELEMENTS_SCHEMA' to the '@NgModule.schemas' of this component to suppress this message.

 89                   <ngb-pagination
                      ~~~~~~~~~~~~~~~
 90                   [(page)]="page"
    ~~~~~~~~~~~~~~~~~~~~~~~~~~~~~~~~~
... 
 92                   [collectionSize]="ordenes.length"
    ~~~~~~~~~~~~~~~~~~~~~~~~~~~~~~~~~~~~~~~~~~~~~~~~~~~
 93                 ></ngb-pagination>
    ~~~~~~~~~~~~~~~~~

  src/app/components/usuario/ordenes/index-ordenes/index-ordenes.component.ts:7:16
    7   templateUrl: './index-ordenes.component.html',
                     ~~~~~~~~~~~~~~~~~~~~~~~~~~~~~~~~
    Error occurs in the template of component IndexOrdenesComponent.


Error: src/app/components/usuario/ordenes/index-ordenes/index-ordenes.component.html:90:19 - error NG8002: Can't bind to 'page' since it isn't a known property of 'ngb-pagination'.
1. If 'ngb-pagination' is an Angular component and it has 'page' input, then verify that it is part of this module.
2. If 'ngb-pagination' is a Web Component then add 'CUSTOM_ELEMENTS_SCHEMA' to the '@NgModule.schemas' of this component to suppress this message.
3. To allow any property add 'NO_ERRORS_SCHEMA' to the '@NgModule.schemas' of this component.

90                   [(page)]="page"
                     ~~~~~~~~~~~~~~~

  src/app/components/usuario/ordenes/index-ordenes/index-ordenes.component.ts:7:16
    7   templateUrl: './index-ordenes.component.html',
                     ~~~~~~~~~~~~~~~~~~~~~~~~~~~~~~~~
    Error occurs in the template of component IndexOrdenesComponent.


Error: src/app/components/usuario/ordenes/index-ordenes/index-ordenes.component.html:91:19 - error NG8002: Can't bind to 'pageSize' since it isn't a known property of 'ngb-pagination'.
1. If 'ngb-pagination' is an Angular component and it has 'pageSize' input, then verify that it is part of this module.
2. If 'ngb-pagination' is a Web Component then add 'CUSTOM_ELEMENTS_SCHEMA' to the '@NgModule.schemas' of this component to suppress this message.
3. To allow any property add 'NO_ERRORS_SCHEMA' to the '@NgModule.schemas' of this component.

91                   [pageSize]="pageSize"
                     ~~~~~~~~~~~~~~~~~~~~~

  src/app/components/usuario/ordenes/index-ordenes/index-ordenes.component.ts:7:16
    7   templateUrl: './index-ordenes.component.html',
                     ~~~~~~~~~~~~~~~~~~~~~~~~~~~~~~~~
    Error occurs in the template of component IndexOrdenesComponent.


Error: src/app/components/usuario/ordenes/index-ordenes/index-ordenes.component.html:92:19 - error NG8002: Can't bind to 'collectionSize' since it isn't a known property of 'ngb-pagination'.
1. If 'ngb-pagination' is an Angular component and it has 'collectionSize' input, then verify that it is part of this module.
2. If 'ngb-pagination' is a Web Component then add 'CUSTOM_ELEMENTS_SCHEMA' to the '@NgModule.schemas' of this component to suppress this message.
3. To allow any property add 'NO_ERRORS_SCHEMA' to the '@NgModule.schemas' of this component.

92                   [collectionSize]="ordenes.length"
                     ~~~~~~~~~~~~~~~~~~~~~~~~~~~~~~~~~

  src/app/components/usuario/ordenes/index-ordenes/index-ordenes.component.ts:7:16
    7   templateUrl: './index-ordenes.component.html',
                     ~~~~~~~~~~~~~~~~~~~~~~~~~~~~~~~~
    Error occurs in the template of component IndexOrdenesComponent.


Error: src/app/components/usuario/ordenes/index-ordenes/index-ordenes.component.html:105:1 - error NG8001: 'app-footer' is not a known element:
1. If 'app-footer' is an Angular component, then verify that it is part of this module.
2. If 'app-footer' is a Web Component then add 'CUSTOM_ELEMENTS_SCHEMA' to the '@NgModule.schemas' of this component to suppress this message.

105 <app-footer></app-footer>
    ~~~~~~~~~~~~

  src/app/components/usuario/ordenes/index-ordenes/index-ordenes.component.ts:7:16
    7   templateUrl: './index-ordenes.component.html',
                     ~~~~~~~~~~~~~~~~~~~~~~~~~~~~~~~~
    Error occurs in the template of component IndexOrdenesComponent.


Error: src/app/components/usuario/perfil/perfil.component.html:1:1 - error NG8001: 'app-nav' is not a known element:
1. If 'app-nav' is an Angular component, then verify that it is part of this module.
2. If 'app-nav' is a Web Component then add 'CUSTOM_ELEMENTS_SCHEMA' to the '@NgModule.schemas' of this component to suppress this message.

1 <app-nav></app-nav>
  ~~~~~~~~~

  src/app/components/usuario/perfil/perfil.component.ts:10:16
    10   templateUrl: './perfil.component.html',
                      ~~~~~~~~~~~~~~~~~~~~~~~~~
    Error occurs in the template of component PerfilComponent.


Error: src/app/components/usuario/perfil/perfil.component.html:8:18 - error NG8002: Can't bind to 'routerLink' since it isn't a known property of 'a'.

8               <a [routerLink]="['/']"><i class="cxi-home"></i></a>
                   ~~~~~~~~~~~~~~~~~~~~

  src/app/components/usuario/perfil/perfil.component.ts:10:16
    10   templateUrl: './perfil.component.html',
                      ~~~~~~~~~~~~~~~~~~~~~~~~~
    Error occurs in the template of component PerfilComponent.


Error: src/app/components/usuario/perfil/perfil.component.html:21:13 - error NG8001: 'app-siderbar' is not a known element:
1. If 'app-siderbar' is an Angular component, then verify that it is part of this module.
2. If 'app-siderbar' is a Web Component then add 'CUSTOM_ELEMENTS_SCHEMA' to the '@NgModule.schemas' of this component to suppress this message.

21             <app-siderbar></app-siderbar>
               ~~~~~~~~~~~~~~

  src/app/components/usuario/perfil/perfil.component.ts:10:16
    10   templateUrl: './perfil.component.html',
                      ~~~~~~~~~~~~~~~~~~~~~~~~~
    Error occurs in the template of component PerfilComponent.


Error: src/app/components/usuario/perfil/perfil.component.html:31:36 - error NG8003: No directive found with exportAs 'ngForm'.

31             <form #actualizarForm="ngForm" (ngSubmit)="actualizar(actualizarForm)" >
                                      ~~~~~~

  src/app/components/usuario/perfil/perfil.component.ts:10:16
    10   templateUrl: './perfil.component.html',
                      ~~~~~~~~~~~~~~~~~~~~~~~~~
    Error occurs in the template of component PerfilComponent.


Error: src/app/components/usuario/perfil/perfil.component.html:35:99 - error NG8002: Can't bind to 'ngModel' since it isn't a known property of 'input'.

35                   <input type="text" required class="form-control form-control-lg" name="nombres" [(ngModel)]="cliente.nombres" placeholder="Nombres completos">
                                                                                                     ~~~~~~~~~~~~~~~~~~~~~~~~~~~~~

  src/app/components/usuario/perfil/perfil.component.ts:10:16
    10   templateUrl: './perfil.component.html',
                      ~~~~~~~~~~~~~~~~~~~~~~~~~
    Error occurs in the template of component PerfilComponent.


Error: src/app/components/usuario/perfil/perfil.component.html:39:101 - error NG8002: Can't bind to 'ngModel' since it isn't a known property of 'input'.

39                   <input type="text" required class="form-control form-control-lg" name="apellidos" [(ngModel)]="cliente.apellidos" placeholder="Apellidos completos">
                                                                                                       ~~~~~~~~~~~~~~~~~~~~~~~~~~~~~~~

  src/app/components/usuario/perfil/perfil.component.ts:10:16
    10   templateUrl: './perfil.component.html',
                      ~~~~~~~~~~~~~~~~~~~~~~~~~
    Error occurs in the template of component PerfilComponent.


Error: src/app/components/usuario/perfil/perfil.component.html:52:126 - error NG8002: Can't bind to 'ngModel' since it isn't a known property of 'input'.

52                   <input type="number" required class="form-control form-control-lg" placeholder="987654321" name="telefono" [(ngModel)]="cliente.telefono">
                                                                                                                                ~~~~~~~~~~~~~~~~~~~~~~~~~~~~~~

  src/app/components/usuario/perfil/perfil.component.ts:10:16
    10   templateUrl: './perfil.component.html',
                      ~~~~~~~~~~~~~~~~~~~~~~~~~
    Error occurs in the template of component PerfilComponent.


Error: src/app/components/usuario/perfil/perfil.component.html:56:104 - error NG8002: Can't bind to 'ngModel' since it isn't a known property of 'input'.

56                   <input type="date" required class="form-control form-control-lg" name="f_nacimiento" [(ngModel)]="cliente.f_nacimiento">
                                                                                                          ~~~~~~~~~~~~~~~~~~~~~~~~~~~~~~~~~~

  src/app/components/usuario/perfil/perfil.component.ts:10:16
    10   templateUrl: './perfil.component.html',
                      ~~~~~~~~~~~~~~~~~~~~~~~~~
    Error occurs in the template of component PerfilComponent.


Error: src/app/components/usuario/perfil/perfil.component.html:61:120 - error NG8002: Can't bind to 'ngModel' since it isn't a known property of 'input'.

61                   <input type="number" required class="form-control form-control-lg" placeholder="12345678" name="dni" [(ngModel)]="cliente.dni">
                                                                                                                          ~~~~~~~~~~~~~~~~~~~~~~~~~

  src/app/components/usuario/perfil/perfil.component.ts:10:16
    10   templateUrl: './perfil.component.html',
                      ~~~~~~~~~~~~~~~~~~~~~~~~~
    Error occurs in the template of component PerfilComponent.


Error: src/app/components/usuario/perfil/perfil.component.html:65:105 - error NG8002: Can't bind to 'ngModel' since it isn't a known property of 'select'.

65                   <select id="ac-country" required class="custom-select custom-select-lg" name="genero" [(ngModel)]="cliente.genero">
                                                                                                           ~~~~~~~~~~~~~~~~~~~~~~~~~~~~

  src/app/components/usuario/perfil/perfil.component.ts:10:16
    10   templateUrl: './perfil.component.html',
                      ~~~~~~~~~~~~~~~~~~~~~~~~~
    Error occurs in the template of component PerfilComponent.


Error: src/app/components/usuario/perfil/perfil.component.html:73:100 - error NG8002: Can't bind to 'ngModel' since it isn't a known property of 'select'.

73                   <select id="ac-city" required class="custom-select custom-select-lg" name="pais" [(ngModel)]="cliente.pais">
                                                                                                      ~~~~~~~~~~~~~~~~~~~~~~~~~~

  src/app/components/usuario/perfil/perfil.component.ts:10:16
    10   templateUrl: './perfil.component.html',
                      ~~~~~~~~~~~~~~~~~~~~~~~~~
    Error occurs in the template of component PerfilComponent.


Error: src/app/components/usuario/perfil/perfil.component.html:94:1 - error NG8001: 'app-footer' is not a known element:
1. If 'app-footer' is an Angular component, then verify that it is part of this module.
2. If 'app-footer' is a Web Component then add 'CUSTOM_ELEMENTS_SCHEMA' to the '@NgModule.schemas' of this component to suppress this message.

94 <app-footer></app-footer>
   ~~~~~~~~~~~~

  src/app/components/usuario/perfil/perfil.component.ts:10:16
    10   templateUrl: './perfil.component.html',
                      ~~~~~~~~~~~~~~~~~~~~~~~~~
    Error occurs in the template of component PerfilComponent.


Error: src/app/components/usuario/reviews/index-review/index-review.component.html:1:1 - error NG8001: 'app-nav' is not a known element:
1. If 'app-nav' is an Angular component, then verify that it is part of this module.
2. If 'app-nav' is a Web Component then add 'CUSTOM_ELEMENTS_SCHEMA' to the '@NgModule.schemas' of this component to suppress this message.

1 <app-nav></app-nav>
  ~~~~~~~~~

  src/app/components/usuario/reviews/index-review/index-review.component.ts:8:16
    8   templateUrl: './index-review.component.html',
                     ~~~~~~~~~~~~~~~~~~~~~~~~~~~~~~~
    Error occurs in the template of component IndexReviewComponent.


Error: src/app/components/usuario/reviews/index-review/index-review.component.html:8:18 - error NG8002: Can't bind to 'routerLink' since it isn't a known property of 'a'.

8               <a [routerLink]="['/']"><i class="cxi-home"></i></a>
                   ~~~~~~~~~~~~~~~~~~~~

  src/app/components/usuario/reviews/index-review/index-review.component.ts:8:16
    8   templateUrl: './index-review.component.html',
                     ~~~~~~~~~~~~~~~~~~~~~~~~~~~~~~~
    Error occurs in the template of component IndexReviewComponent.


Error: src/app/components/usuario/reviews/index-review/index-review.component.html:21:13 - error NG8001: 'app-siderbar' is not a known element:
1. If 'app-siderbar' is an Angular component, then verify that it is part of this module.
2. If 'app-siderbar' is a Web Component then add 'CUSTOM_ELEMENTS_SCHEMA' to the '@NgModule.schemas' of this component to suppress this message.

21             <app-siderbar></app-siderbar>
               ~~~~~~~~~~~~~~

  src/app/components/usuario/reviews/index-review/index-review.component.ts:8:16
    8   templateUrl: './index-review.component.html',
                     ~~~~~~~~~~~~~~~~~~~~~~~~~~~~~~~
    Error occurs in the template of component IndexReviewComponent.


Error: src/app/components/usuario/reviews/index-review/index-review.component.html:57:93 - error NG8004: No pipe found with name 'date'.
To fix this, import the "DatePipe" class from "@angular/common" and add it to the "imports" array of the module declaring the component.

57                         <span class="d-block mb-3 font-size-sm text-muted">{{item.createdAt|date}}</span>
                                                                                               ~~~~

  src/app/components/usuario/reviews/index-review/index-review.component.ts:8:16
    8   templateUrl: './index-review.component.html',
                     ~~~~~~~~~~~~~~~~~~~~~~~~~~~~~~~
    Error occurs in the template of component IndexReviewComponent.


Error: src/app/components/usuario/reviews/index-review/index-review.component.html:59:62 - error NG8002: Can't bind to 'ngClass' since it isn't a known property of 'i'.

59                           <i class="sr-star cxi-star-filled" [ngClass]="{'active': item.estrellas >=1}"></i>
                                                                ~~~~~~~~~~~~~~~~~~~~~~~~~~~~~~~~~~~~~~~~~~

  src/app/components/usuario/reviews/index-review/index-review.component.ts:8:16
    8   templateUrl: './index-review.component.html',
                     ~~~~~~~~~~~~~~~~~~~~~~~~~~~~~~~
    Error occurs in the template of component IndexReviewComponent.


Error: src/app/components/usuario/reviews/index-review/index-review.component.html:60:62 - error NG8002: Can't bind to 'ngClass' since it isn't a known property of 'i'.

60                           <i class="sr-star cxi-star-filled" [ngClass]="{'active': item.estrellas >=2}"></i>
                                                                ~~~~~~~~~~~~~~~~~~~~~~~~~~~~~~~~~~~~~~~~~~

  src/app/components/usuario/reviews/index-review/index-review.component.ts:8:16
    8   templateUrl: './index-review.component.html',
                     ~~~~~~~~~~~~~~~~~~~~~~~~~~~~~~~
    Error occurs in the template of component IndexReviewComponent.


Error: src/app/components/usuario/reviews/index-review/index-review.component.html:61:62 - error NG8002: Can't bind to 'ngClass' since it isn't a known property of 'i'.

61                           <i class="sr-star cxi-star-filled" [ngClass]="{'active': item.estrellas >=3}"></i>
                                                                ~~~~~~~~~~~~~~~~~~~~~~~~~~~~~~~~~~~~~~~~~~

  src/app/components/usuario/reviews/index-review/index-review.component.ts:8:16
    8   templateUrl: './index-review.component.html',
                     ~~~~~~~~~~~~~~~~~~~~~~~~~~~~~~~
    Error occurs in the template of component IndexReviewComponent.


Error: src/app/components/usuario/reviews/index-review/index-review.component.html:62:62 - error NG8002: Can't bind to 'ngClass' since it isn't a known property of 'i'.

62                           <i class="sr-star cxi-star-filled" [ngClass]="{'active': item.estrellas >=4}"></i>
                                                                ~~~~~~~~~~~~~~~~~~~~~~~~~~~~~~~~~~~~~~~~~~

  src/app/components/usuario/reviews/index-review/index-review.component.ts:8:16
    8   templateUrl: './index-review.component.html',
                     ~~~~~~~~~~~~~~~~~~~~~~~~~~~~~~~
    Error occurs in the template of component IndexReviewComponent.


Error: src/app/components/usuario/reviews/index-review/index-review.component.html:63:62 - error NG8002: Can't bind to 'ngClass' since it isn't a known property of 'i'.

63                           <i class="sr-star cxi-star-filled" [ngClass]="{'active': item.estrellas >=5}"></i>
                                                                ~~~~~~~~~~~~~~~~~~~~~~~~~~~~~~~~~~~~~~~~~~

  src/app/components/usuario/reviews/index-review/index-review.component.ts:8:16
    8   templateUrl: './index-review.component.html',
                     ~~~~~~~~~~~~~~~~~~~~~~~~~~~~~~~
    Error occurs in the template of component IndexReviewComponent.


Error: src/app/components/usuario/reviews/index-review/index-review.component.html:79:19 - error NG8001: 'ngb-pagination' is not a known element:
1. If 'ngb-pagination' is an Angular component, then verify that it is part of this module.
2. If 'ngb-pagination' is a Web Component then add 'CUSTOM_ELEMENTS_SCHEMA' to the '@NgModule.schemas' of this component to suppress this message.

 79                   <ngb-pagination
                      ~~~~~~~~~~~~~~~
 80                   [(page)]="page"
    ~~~~~~~~~~~~~~~~~~~~~~~~~~~~~~~~~
... 
 82                   [collectionSize]="reviews.length"
    ~~~~~~~~~~~~~~~~~~~~~~~~~~~~~~~~~~~~~~~~~~~~~~~~~~~
 83                 ></ngb-pagination>
    ~~~~~~~~~~~~~~~~~

  src/app/components/usuario/reviews/index-review/index-review.component.ts:8:16
    8   templateUrl: './index-review.component.html',
                     ~~~~~~~~~~~~~~~~~~~~~~~~~~~~~~~
    Error occurs in the template of component IndexReviewComponent.


Error: src/app/components/usuario/reviews/index-review/index-review.component.html:80:19 - error NG8002: Can't bind to 'page' since it isn't a known property of 'ngb-pagination'.
1. If 'ngb-pagination' is an Angular component and it has 'page' input, then verify that it is part of this module.
2. If 'ngb-pagination' is a Web Component then add 'CUSTOM_ELEMENTS_SCHEMA' to the '@NgModule.schemas' of this component to suppress this message.
3. To allow any property add 'NO_ERRORS_SCHEMA' to the '@NgModule.schemas' of this component.

80                   [(page)]="page"
                     ~~~~~~~~~~~~~~~

  src/app/components/usuario/reviews/index-review/index-review.component.ts:8:16
    8   templateUrl: './index-review.component.html',
                     ~~~~~~~~~~~~~~~~~~~~~~~~~~~~~~~
    Error occurs in the template of component IndexReviewComponent.


Error: src/app/components/usuario/reviews/index-review/index-review.component.html:81:19 - error NG8002: Can't bind to 'pageSize' since it isn't a known property of 'ngb-pagination'.
1. If 'ngb-pagination' is an Angular component and it has 'pageSize' input, then verify that it is part of this module.
2. If 'ngb-pagination' is a Web Component then add 'CUSTOM_ELEMENTS_SCHEMA' to the '@NgModule.schemas' of this component to suppress this message.
3. To allow any property add 'NO_ERRORS_SCHEMA' to the '@NgModule.schemas' of this component.

81                   [pageSize]="pageSize"
                     ~~~~~~~~~~~~~~~~~~~~~

  src/app/components/usuario/reviews/index-review/index-review.component.ts:8:16
    8   templateUrl: './index-review.component.html',
                     ~~~~~~~~~~~~~~~~~~~~~~~~~~~~~~~
    Error occurs in the template of component IndexReviewComponent.


Error: src/app/components/usuario/reviews/index-review/index-review.component.html:82:19 - error NG8002: Can't bind to 'collectionSize' since it isn't a known property of 'ngb-pagination'.
1. If 'ngb-pagination' is an Angular component and it has 'collectionSize' input, then verify that it is part of this module.
2. If 'ngb-pagination' is a Web Component then add 'CUSTOM_ELEMENTS_SCHEMA' to the '@NgModule.schemas' of this component to suppress this message.
3. To allow any property add 'NO_ERRORS_SCHEMA' to the '@NgModule.schemas' of this component.

82                   [collectionSize]="reviews.length"
                     ~~~~~~~~~~~~~~~~~~~~~~~~~~~~~~~~~

  src/app/components/usuario/reviews/index-review/index-review.component.ts:8:16
    8   templateUrl: './index-review.component.html',
                     ~~~~~~~~~~~~~~~~~~~~~~~~~~~~~~~
    Error occurs in the template of component IndexReviewComponent.


Error: src/app/components/usuario/reviews/index-review/index-review.component.html:98:1 - error NG8001: 'app-footer' is not a known element:
1. If 'app-footer' is an Angular component, then verify that it is part of this module.
2. If 'app-footer' is a Web Component then add 'CUSTOM_ELEMENTS_SCHEMA' to the '@NgModule.schemas' of this component to suppress this message.

98 <app-footer></app-footer>
   ~~~~~~~~~~~~

  src/app/components/usuario/reviews/index-review/index-review.component.ts:8:16
    8   templateUrl: './index-review.component.html',
                     ~~~~~~~~~~~~~~~~~~~~~~~~~~~~~~~
    Error occurs in the template of component IndexReviewComponent.


Error: src/app/components/usuario/siderbar/siderbar.component.html:16:16 - error NG8002: Can't bind to 'routerLink' since it isn't a known property of 'a'.

16             <a [routerLink]="['/cuenta/perfil']" routerLinkActive="active"  class="list-group-item list-group-item-action d-flex align-items-center">
                  ~~~~~~~~~~~~~~~~~~~~~~~~~~~~~~~~~

  src/app/components/usuario/siderbar/siderbar.component.ts:8:16
    8   templateUrl: './siderbar.component.html',
                     ~~~~~~~~~~~~~~~~~~~~~~~~~~~
    Error occurs in the template of component SiderbarComponent.


Error: src/app/components/usuario/siderbar/siderbar.component.html:20:16 - error NG8002: Can't bind to 'routerLink' since it isn't a known property of 'a'.

20             <a [routerLink]="['/cuenta/direcciones']" routerLinkActive="active" class="list-group-item list-group-item-action d-flex align-items-center">
                  ~~~~~~~~~~~~~~~~~~~~~~~~~~~~~~~~~~~~~~

  src/app/components/usuario/siderbar/siderbar.component.ts:8:16
    8   templateUrl: './siderbar.component.html',
                     ~~~~~~~~~~~~~~~~~~~~~~~~~~~
    Error occurs in the template of component SiderbarComponent.


Error: src/app/components/usuario/siderbar/siderbar.component.html:24:16 - error NG8002: Can't bind to 'routerLink' since it isn't a known property of 'a'.

24             <a [routerLink]="['/cuenta/ordenes']" routerLinkActive="active" class="list-group-item list-group-item-action d-flex align-items-center">
                  ~~~~~~~~~~~~~~~~~~~~~~~~~~~~~~~~~~

  src/app/components/usuario/siderbar/siderbar.component.ts:8:16
    8   templateUrl: './siderbar.component.html',
                     ~~~~~~~~~~~~~~~~~~~~~~~~~~~
    Error occurs in the template of component SiderbarComponent.


Error: src/app/components/usuario/siderbar/siderbar.component.html:28:16 - error NG8002: Can't bind to 'routerLink' since it isn't a known property of 'a'.

28             <a [routerLink]="['/cuenta/reviews']" routerLinkActive="active" class="list-group-item list-group-item-action d-flex align-items-center">
                  ~~~~~~~~~~~~~~~~~~~~~~~~~~~~~~~~~~

  src/app/components/usuario/siderbar/siderbar.component.ts:8:16
    8   templateUrl: './siderbar.component.html',
                     ~~~~~~~~~~~~~~~~~~~~~~~~~~~
    Error occurs in the template of component SiderbarComponent.



